Date,S&P500,EUROSTOXX,EUR_BOND,EURUSD,GOLD
2018-01-04,0.004020542855326989,0.016669972772014527,0.0024489978953913397,-0.0044055338609388685,0.0024283463684654956
2018-01-05,0.007009145888585348,0.010799226326122364,0.009332590056308774,0.004851896369631849,0.0006819141750703172
2018-01-08,0.001660963767296979,0.002441853618633499,0.0016141845430808664,-0.0026034254630769985,-0.0012884713036933884
2018-01-09,0.0013020835172984225,0.0017736935618672665,0.02626493376571207,-0.005581836821075154,-0.005246580568031189
2018-01-10,-0.0011128458115206878,-0.003605860284400798,0.0015698388373135256,-0.003441541320087566,0.004336147142567866
2018-01-11,0.007009025768882019,-0.004049955849029884,-0.007478898848380493,0.0022451934756694413,0.002426044534775419
2018-01-12,0.006726926399094035,0.004819786920731888,0.008262941797533438,0.007163443657419456,0.009645929220218629
2018-01-15,0.0,-0.00022148457952630125,0.0,0.012395577440172478,0.0
2018-01-16,-0.0035307132616026696,0.002820075101496084,-0.003139773180082221,0.0062252298447128904,0.0014988012123869202
2018-01-17,0.009371006206502086,-0.0025515558645144596,0.013276320911900416,0.00023307764364815267,0.0019450709821960197
2018-01-18,-0.0016176974974736241,0.0022477839944466844,0.012719381941343061,-0.007140809171959861,-0.009009069942365968
2018-01-19,0.004375647986990156,0.007747008152473358,0.009908626103305642,0.004310183172470693,0.004439620791428774
2018-01-22,0.00803436438221324,0.0044323794347980346,0.010562104107288667,0.0015430167694837121,-0.0007510891007015731
2018-01-23,0.002172004968222319,0.0019107175353748169,-0.015504144600239867,6.12782288566978e-05,0.003600038990317503
2018-01-24,-0.0005601325472320471,-0.007947558361561014,0.011368053735905447,0.00439735155950313,0.015009996047209607
2018-01-25,0.0006024393988328895,-0.0035939551145653657,-0.012512008449759636,0.006545840132911253,0.0047824097943095206
2018-01-26,0.011771638106084168,0.004743359743489495,0.01552175377146859,9.918292422570005e-05,-0.007958810491319437
2018-01-29,-0.006754736284863033,-0.0011987939288998091,0.013803592460141791,0.0028791319849890973,0.0
2018-01-30,-0.010958642805337085,-0.010011418806473856,0.009954068941521848,-0.0037833976858985714,-0.012058167071074382
2018-01-31,0.0004888658586947881,0.0007039980802924226,-0.0022034683364123386,0.002293139592610932,0.0026921759851948287
2018-02-01,-0.0006482983520233253,-0.008888757777286746,0.019297876495097045,0.0007324958037122442,0.003950401091376265
2018-02-02,-0.021436680516698812,-0.015229947912754525,0.028791783811918305,0.007328950679841816,-0.007916469765226359
2018-02-05,-0.041842540938381426,-0.012713593586626333,-0.021247322383580985,-0.005053840607735393,-0.0005249568386138391
2018-02-06,0.017290573348937088,-0.024398614991472712,-0.009349231649575754,-0.006377383172319828,-0.005189755905578952
2018-02-07,-0.005014138223752627,0.01740335047774344,0.027086550385585967,0.0010890581283255556,-0.010994537916590984
2018-02-08,-0.0382590522458017,-0.022606935972987213,0.0024582871981020256,-0.009181762489920628,0.0040327608986760796
2018-02-09,0.014825645199524345,-0.015309216945144765,-0.00774654371291516,-0.000600981855033339,-0.002889772982946634
2018-02-12,0.013818665678186272,0.012625950438311943,0.009848871666349766,-0.0006496959447372854,0.008417731344798464
2018-02-13,0.0026095219802775584,-0.008144130770709638,-0.005968140686313143,0.004150100441697588,0.002940864406439292
2018-02-14,0.013313439808897013,0.008613130288567078,0.02537949269344561,0.004056140127369198,0.020421058915214334
2018-02-15,0.01199686177677526,0.005858415148851301,-0.007581040394460604,0.009146425433200864,-0.002511468630411128
2018-02-16,0.0003733996499216942,0.010906159036121124,-0.004854357195359008,0.0029091421930713865,0.0008132005147932578
2018-02-19,0.0,-0.00556289654375614,0.0,-0.007362497093656409,0.0
2018-02-20,-0.005858517106837343,0.00797623899871333,0.0055458700407583494,-0.0010668553718264204,-0.018195805777987704
2018-02-21,-0.005511664483310908,-0.0014333561142804328,0.017135508727875653,-0.0051198390023570895,0.0009026261706847339
2018-02-22,0.0009730774855778604,0.0005333833257600428,-0.008873785975388598,-0.004345012256307387,0.00045100774382701627
2018-02-23,0.015901278245121022,0.0027555235762101496,-0.01589529077153732,0.0036420916071724634,-0.001805344615643647
2018-02-26,0.011688438620627399,0.006291433784982663,-0.0041885170775524914,-0.003212105009122826,0.0018804775121498492
2018-02-27,-0.012788311441467541,-0.0014881511536934784,0.016993655048862487,0.0023126013299230768,-0.011488261375785172
2018-02-28,-0.011157806083656078,-0.005529982495078494,-0.013850623669593243,-0.006946405230548275,0.0
2018-03-01,-0.013413965854876449,-0.011640772317552698,-0.02256799957740642,-0.003199213284151269,-0.009624253533214297
2018-03-02,0.005058785485198549,-0.022133833106819805,0.018725228836668863,0.006506946640574449,0.013872136457073265
2018-03-05,0.01097161761052657,0.009152682967359193,0.008365308030004346,0.0036263787619993924,-0.0022734172079491807
2018-03-06,0.0026353829319968104,0.0007567320158857283,-0.0013893536126914437,0.001713382605229048,0.011690746933441305
2018-03-07,-0.000483991825716375,0.005790472727989368,0.0020832658760248186,0.006472901653150981,-0.005715142383890748
2018-03-08,0.004453148208884627,0.010579343382013613,-0.005914075486507061,-0.00016140177040260427,-0.004610897113995902
2018-03-09,0.017229546741207587,0.002124730362890887,0.009722339219067837,-0.008738819743630995,0.0018922913369371754
2018-03-12,-0.001274797337998416,0.0026101957239546727,-0.008327656766607868,0.00017221271392751176,-0.0022711796760658443
2018-03-13,-0.006383910414314703,-0.009412895788257165,-0.007694978934322612,0.002501775781071896,0.004914386241190294
2018-03-14,-0.005740969825188786,-0.0018767853018308962,-0.01094455321400006,0.004266335039781299,-0.001131947426727324
2018-03-15,-0.0007822363990965508,0.006803708422168387,0.0031898177399399532,-0.0013499625381387281,-0.0057549571034445565
2018-03-16,0.0017019979472317418,0.006792675427222916,0.007754735474060024,-0.005381152570823163,-0.004185539229898073
2018-03-19,-0.014306040541373417,-0.012473428316514103,-0.0010539333277081737,-0.0023114690130010985,0.00418553922989804
2018-03-20,0.0014807086617189258,0.005080183975987738,0.011879916107820448,0.00455422106110146,-0.004338127119398508
2018-03-21,-0.0018456921256294063,-0.003240820221960903,0.009678650142475405,-0.006909380265738672,0.007295401194057268
2018-03-22,-0.025484886972854417,-0.01566139487249464,-0.02613846199194711,0.007785708051778266,0.0044573976096106815
2018-03-23,-0.02118980731175066,-0.015082414191466564,-0.0007064971968079811,-0.0018381487711451225,0.016966715936515404
2018-03-26,0.026795040706035392,-0.0058843762308991914,0.004583125162347864,0.002381543956155749,0.003772594220179005
2018-03-27,-0.0174272856453219,0.011592577875405187,-0.02025292970855528,0.00831188172368744,-0.00971924053303923
2018-03-28,-0.0029209188994626773,0.004301937663427822,-0.003956098584907886,-0.003990881759450981,-0.012830862694559693
2018-03-29,0.013675777493843445,0.009039693994936735,-0.012327987207727145,-0.007897382931562176,-0.0010577275967254573
2018-03-30,0.0,0.0,0.0,-0.0006029938609045437,0.0
2018-04-02,-0.022590682343495868,0.0,-0.003288811457858139,0.0009230866886203371,0.014484794192477413
2018-04-03,0.012535961315741067,-0.004343815592540526,0.018854730798062665,-0.0017470394477167334,-0.006953504164492984
2018-04-04,0.01150010234644679,-0.00196786618144129,0.0014358175119233985,-0.001154869778581974,0.002248370796679207
2018-04-05,0.006839421401651201,0.02647004842333908,0.01565865068352258,0.0006755016584394306,-0.008646345041192702
2018-04-06,-0.022164067057064987,-0.006390689662565062,-0.020332400327923352,-0.002870925082302187,0.005722457733424547
2018-04-09,0.0033309949675928295,0.001978616876547657,0.00395609858490791,0.001618556583301758,0.003298124789570669
2018-04-10,0.01658859899631407,0.006983169048180379,0.003940509520518522,0.004144001211158943,0.004256401204819836
2018-04-11,-0.005540685772461173,-0.005561025103676995,-0.0025058075099414785,0.0032954948055088436,0.01074681456735932
2018-04-12,0.008216898697657044,0.0070691264846376636,0.015647598143327595,0.0006925638918780253,-0.013432964185142135
2018-04-13,-0.0028907998267066345,0.0011694855820113868,-0.0017658893328475094,-0.0033963667390498223,0.0047704504893987506
2018-04-16,0.008076336801563068,-0.002020590173968221,0.001059890921958477,0.00023433623354313018,0.002005684379909184
2018-04-17,0.01060507161386675,0.010657750757924255,-0.006376261835759682,0.0042513295822551745,-0.00022269553924516243
2018-04-18,0.0008310204075532664,0.003725173872894236,0.018659302768977197,-0.0009655845061456074,0.0029647221128227827
2018-04-19,-0.00574258179583257,-0.0012296099222992077,0.016260496728670686,0.00048266805112577506,-0.0032616058148920136
2018-04-20,-0.008573177188352708,0.0021773597481595276,0.012617368003534652,-0.002719696805180505,-0.007527591093269497
2018-04-23,5.623011118453955e-05,0.005383032151816316,0.007427473138054164,-0.00585924857787994,-0.010679968716113873
2018-04-24,-0.013470888006475166,-0.000620784308935532,0.0033579582637014303,-0.0052637028397498915,0.006707153771284317
2018-04-25,0.0018353742328236348,-0.007160483100717076,0.013650916019876776,0.0026528923546068075,-0.007690660944510987
2018-04-26,0.010380144187376953,0.0057781497520923665,-0.011307044387876676,-0.005712650234150854,-0.003715570032884322
2018-04-27,0.001113005271363815,0.0036299953718520973,-0.011098143916546547,-0.00511110874201837,0.0030342129414097896
2018-04-30,-0.008221192548921247,0.005028851359303446,-0.007127098893737621,0.0010903377604621455,-0.003110260543535764
2018-05-01,0.0025458021710273926,0.0,0.013531992902664061,-0.003436890367875175,-0.009465644983154229
2018-05-02,-0.007231951201402355,0.004871452317737795,-0.004040437755215152,-0.007450468811979409,-0.0009208665713252698
2018-05-03,-0.002256217585064076,-0.0069660693392965935,-0.00609135122215755,-0.0033877940587112173,0.00619906000228972
2018-05-04,0.012729810028334959,0.006065230326999109,-0.0006791488968888165,0.003195912401978984,0.0015247392406204264
2018-05-07,0.003451980554989958,0.0038229910196530335,0.00203598370544026,-0.0028613126228246057,-0.0003809669127580398
2018-05-08,-0.0002656766117338216,-0.00177197371004898,0.0064200433142475285,-0.0017797005116395965,-0.00015239019585577444
2018-05-09,0.009635647934868785,0.0033279323474431272,0.01171948692866074,-0.005533851088539424,-0.0005336417302308635
2018-05-10,0.009327011603848374,0.0,-0.01104613504387933,-0.0017430672818787454,0.007218601800712527
2018-05-11,0.001706139270961256,-0.0011828500122979797,0.0,0.00591735512042152,-0.0013637768572015564
2018-05-14,0.0008830995101265589,6.169195987627534e-05,0.008045611642026058,0.0029002183504962887,-0.0018971737809504907
2018-05-15,-0.006865655043990812,-0.00040671671392811297,0.02798537885796642,-0.0017554472898831247,-0.021187539583848607
2018-05-16,0.004052339847514407,-0.0004040727130995502,0.004858343165854107,-0.00928694064996898,0.001008046900233056
2018-05-17,-0.0008562387886101002,0.008198427720335551,0.004513205266666295,-0.0003309314358126005,-0.0015513500441079692
2018-05-18,-0.0026356652545503154,-0.005140975948699587,-0.013601264122247738,-0.0018417401567751084,0.0015513500441079395
2018-05-21,0.007359604547933372,0.0,-0.0006522684678280014,-0.0024269007581673207,0.0
2018-05-22,-0.0031406885928751895,0.0037676266821358223,0.0,0.002191086827304078,0.0011619351837768423
2018-05-23,0.0032431452068987514,-0.012745153622889456,-0.020435792069347775,-0.0003302127283434639,-0.0018596691479237644
2018-05-24,-0.0020252629577225518,-0.005679871198893847,-0.007352999207268695,-0.006673574838505811,0.011106864926633073
2018-05-25,-0.002360003054185922,-0.0018188986408140802,-0.016915137004044546,0.0010661932567615083,-0.0003067912135685513
2018-05-28,0.0,-0.009351372759927161,0.0,-0.0028795704251883274,0.0
2018-05-29,-0.011631572511792225,-0.015772787317557234,-0.05721866267627388,-0.005315985270053203,-0.0035358204833160823
2018-05-30,0.012615875351923801,0.003799516064323631,0.02638303525919375,-0.007563750116088786,0.002153718916270126
2018-05-31,-0.006903333243434208,-0.010087949709404617,-0.007062169466406977,0.011022910220800021,-0.0010762796451007667
2018-06-01,0.01079079970923988,0.013670428182040532,0.02553924154351703,0.0022192132434978853,-0.004084885026490751
2018-06-04,0.004469594898352221,0.004630883431071435,0.01440356011894161,-0.002102537023960953,-0.0013138633414813785
2018-06-05,0.0007023462695756739,-0.003690262591579937,-0.0061476033944913,0.002734209840494974,0.0033969186184965657
2018-06-06,0.008530900637311972,0.0011651508802075986,0.01900294578032779,0.00219033413974912,-0.00030835151545212326
2018-06-07,-0.0007144436219845289,-0.0003034564460103788,-0.014218187031905733,0.005043244345701682,0.001232741993758485
2018-06-08,0.0031210289077513477,-0.0036107884032199953,0.0013628446460691604,0.0008253392859986731,-0.0004620884269374544
2018-06-11,0.0010681370069403208,0.009504171647154043,0.006786582120118208,-0.0009549196576974336,0.0006161331177777786
2018-06-12,0.0017418672787038484,-0.0013341077183771993,0.0,-0.0008363539989250407,-0.0029298778307513215
2018-06-13,-0.004034254541411457,0.0011444718078815078,0.006740834717349676,-0.002199270438669329,0.0013889267881947254
2018-06-14,0.002468500522503687,0.01357300335170829,-0.010467729685796089,0.005052684987134998,0.005459643319964293
2018-06-15,-0.00101762031549408,-0.006282637025359474,-0.007495801339612124,-0.020638107698380467,-0.022804078760698156
2018-06-18,-0.002128391180886516,-0.011007550571587697,0.0006837926458483698,0.002536267703775233,0.0012544894477869528
2018-06-19,-0.004031517951391294,-0.009084409286236163,-0.011342355917959577,0.0029962096356120605,-0.0004702371770622632
2018-06-20,0.001710690224112545,0.0012509416274416824,0.012025599883803698,-0.0036336856020979945,-0.0034553391851679326
2018-06-21,-0.006365728843220268,-0.0105479590236144,-0.010643842514902645,-0.0008224597834486959,-0.003151594283591868
2018-06-22,0.0018602032551338834,0.011129252983839466,0.001035025413422855,0.0023068753656377444,0.00015787362465893563
2018-06-25,-0.013819722967770653,-0.0212582239822372,-0.00865809562843535,0.0047813585160605306,-0.0014212784296392148
2018-06-26,0.0022021505056967236,-0.0001454423658927888,0.0017376596349698986,0.0035396255050087304,-0.007136657182704904
2018-06-27,-0.008641586313141117,0.008398081452664916,-0.018574289582020998,-0.0044953797831452195,-0.003028556328446318
2018-06-28,0.006159680019031288,-0.00934843410340419,0.007049723126665966,-0.007463204842131897,-0.003999045403677075
2018-06-29,0.0007581158875170001,0.008898015733614128,0.0007022800530820923,-5.783505454369426e-05,0.00280101008486938
2018-07-02,0.003063260834293461,-0.006912200444457864,0.0059492599621739466,0.00994714712822947,-0.009232934241235006
2018-07-03,-0.004959629280533677,0.010070122703918405,-0.009817707872011413,-0.003124912448468689,0.009472597636754327
2018-07-04,0.0,0.0016690037734148108,0.0,0.0014679804760208625,0.0
2018-07-05,0.008583856745537827,0.008431424110693479,0.000704422378867417,0.0002681516744493763,0.004543890146389284
2018-07-06,0.00844551760058016,0.0021975964567479025,-0.003173984155653248,0.002873078600661516,-0.0023889164756203734
2018-07-09,0.008784290785341506,0.0034592804404796644,0.01019155035659162,0.004806882998706923,0.003024939992368851
2018-07-10,0.003467249318821859,0.0037123149718568645,0.004535159314688068,0.0003996761874951096,-0.0034236481676053563
2018-07-11,-0.007119486371916502,-0.01478056851050806,-0.010848715107242194,-0.0025479448635795567,-0.008812040976282251
2018-07-12,0.0087109915801719,0.006738648496746633,0.003863013798822902,-0.004294710183780235,0.0017685920911130215
2018-07-13,0.0010786555366086475,0.0026231926467718326,-0.007741008362860213,-0.0009336480898713101,-0.004346802680328338
2018-07-16,-0.0010286646208985384,-0.0015817678212924082,0.009492055727096063,0.0011321950635473854,-0.0012108005108086726
2018-07-17,0.003965824343443431,0.0024382330910848447,0.002097184212783557,0.002596160411045844,-0.010065857197482181
2018-07-18,0.0021581820767374625,0.007945237332898586,0.0038333965140465004,-0.004812627760435433,0.0004894760752293569
2018-07-19,-0.003960826849049506,-0.003863948046035577,-0.009786906820385122,-0.0006524588597063798,-0.00318538620092535
2018-07-20,-0.0009488977712743676,-0.0033498058241324697,0.01671933700760636,0.0008155070803001822,0.005791423271754504
2018-07-23,0.0018363623432315187,-0.0017297982934212023,0.023891899065197873,0.007416802719637017,-0.004483398583975911
2018-07-24,0.004769518886053562,0.008435538250880718,-0.005410913768836917,-0.004077814856735979,-8.16827362195705e-05
2018-07-25,0.009060435070372713,-0.0042752137688112975,-0.004417941951038778,-0.0007364777587126888,0.006109251967322684
2018-07-26,-0.00303690274886736,0.011697397614639447,0.01319585915945589,0.004438682606524639,-0.004966001498039611
2018-07-27,-0.006583834644845457,0.005093473621971081,-0.00505472571785329,-0.008089604616354043,-0.0022060331796797134
2018-07-30,-0.0057707893155871425,-0.004224708092248455,0.005054725717853446,0.0015031493557779215,-0.0010638134681618262
2018-07-31,0.004872837219303094,0.0037454735733178472,-0.003704304012007108,0.004019211446705295,0.001963110932089534
2018-08-01,-0.0010408930675711336,0.0,0.013072093058512244,-0.0015207742859470093,-0.004750931950486037
2018-08-02,0.0049143495822087,-0.01609253985265807,-0.005677076430379036,-0.002031950545646603,-0.006011999848421064
2018-08-03,0.004633432065347987,0.0037947921399725834,-0.011113093543181513,-0.00687094620857647,0.002969299191421566
2018-08-06,0.003531982650801626,0.0002584511235613777,-0.005092560597365941,-0.0020485936709178547,-0.0046227387549226465
2018-08-07,0.0028202017464857678,0.0060306602105172245,0.011842495279547985,-0.0003698943193172203,0.0008270615145103922
2018-08-08,-0.00026241439329510795,-0.003078043405114597,-0.0006729789817108446,0.0038793948110081187,0.0024770882622964334
2018-08-09,-0.0014427146770399496,0.00015163297916372473,-0.012191147930566647,0.0006732375104906637,-0.0005773983842617266
2018-08-10,-0.007139312263244473,-0.019609251045621688,-0.02693527114680815,-0.007507102373803506,-0.0006603787513001009
2018-08-13,-0.004014037665980266,-0.004856707874480147,0.00697595441731299,-0.011275742016472816,-0.01648382857584301
2018-08-14,0.006368930016417421,-7.03874514429895e-05,0.006236987381868005,0.0006839682303000879,0.0014259543053397558
2018-08-15,-0.007631208581378815,-0.014880887533244461,-0.014964602553261201,-0.004993251859405852,-0.013077596207343322
2018-08-16,0.00788821455263811,0.005486422444693342,0.006639917193100982,-0.0001248308008382202,-0.0011046853781724766
2018-08-17,0.003317606375263089,-0.001368822430600122,0.0006963283902924484,0.0023851641885435427,0.0002550676550167926
2018-08-20,0.002425074902128281,0.006127158426870554,-0.017556614410818783,0.0058162558222769525,0.008716721391922366
2018-08-21,0.002066399954627058,0.005287041944806044,0.007411414429968839,0.004677486716083236,0.0048751266583741855
2018-08-22,-0.0003982310542435054,0.0024942106791411545,-0.007411414429968832,0.007404847816651862,0.0030977237750973805
2018-08-23,-0.0016926939235351061,-0.0002690050321161935,-0.0007086658774895986,0.0006948261978871789,-0.0078043853831430325
2018-08-24,0.006179705928285333,0.0023894534858826273,0.0017708083099032246,-0.0035848160899412435,0.01612874843926602
2018-08-27,0.007641141407110444,0.008301137546670022,0.007754735474060024,0.009102781442062224,0.0022357075658587097
2018-08-28,0.00026924207759835515,-0.0024450924058448077,0.01256123028510464,0.002974957959103324,-0.001324264032107223
2018-08-29,0.005685242468911669,0.002479777191960294,0.0,0.0006544181771759916,-0.002404764527759338
2018-08-30,-0.004440172044458075,-0.007300585644341525,-0.008356653095447603,0.0015796090309269939,-0.0056615328697090395
2018-08-31,0.00013446846730492032,-0.011163862281633954,-0.0024505419937314375,-0.0038568234970335043,0.0021685560260155255
2018-09-03,0.0,0.0006158284797649765,0.0,-0.005467329671144762,0.0
2018-09-04,-0.0016556920488793076,-0.010550301003110335,0.01702909121516635,0.0012420767865190061,-0.006351962565760579
2018-09-05,-0.002807062801265972,-0.013105841466798118,0.0,-0.00249423774492734,0.0018429166421238857
2018-09-06,-0.0036589910366181576,-0.0059502429371661595,-0.007957143630979907,0.004191522661239412,0.002507523830407757
2018-09-07,-0.002215797895014484,-0.000786074372074941,0.021646598614228837,-0.0013023413584009917,-0.003596114122648065
2018-09-10,0.0018960282146933797,0.0048222990792313675,-0.001700927801186599,-0.005088212679201238,-0.0005027868974392518
2018-09-11,0.003732865689715426,0.0007188957870202973,0.01352741683746797,0.0030103695028976135,0.0020097347155790214
2018-09-12,0.0003566083498935524,0.004501243021629485,-0.004713792846130832,1.1616617293630954e-05,0.0077496549279547884
2018-09-13,0.005268352159391334,0.002125987682159338,0.0,0.0028567736307313144,-0.002243696646296927
2018-09-14,0.00027544390076635555,0.0032792611569920976,0.010407983435369148,0.005363777321440594,-0.005840650729541842
2018-09-17,-0.005585290991549207,0.0004424696328612321,0.002335270324348351,-0.0053870469228903305,0.003925299454991307
2018-09-18,0.0053546528676252396,0.003684014741393238,0.015540127432166439,0.0034481379521063144,-0.0024201158014890986
2018-09-19,0.0012524880331719868,0.00300284679289799,0.011417461223989036,0.000922261926881197,0.004501801970305429
2018-09-20,0.00781001418532906,0.010207321598812274,-0.0016230732378280407,-0.00045540858189432155,0.003321710546514391
2018-09-21,-0.00036860093700704873,0.008103709645051204,-0.003254148730509347,0.008641386999915996,-0.008325056744842725
2018-09-24,-0.003521882314013849,-0.005955103931795874,0.0032541487305094282,-0.0021173676071735976,0.0025882691604381183
2018-09-25,-0.001305948493117946,0.002734932038077997,0.007767006414611618,0.00016453172755568672,0.0005834628245632641
2018-09-26,-0.003294699681159941,0.003901948551492695,-0.013305368658759082,0.0008700869206251829,-0.005012541823544286
2018-09-27,0.0027594762285113967,0.004835192310163125,-0.001634826048834192,-0.0012461557398680272,-0.009847279784212154
2018-09-28,-6.870144138179519e-06,-0.014773275494705264,0.0,-0.009506265183163212,0.007751282370461494
2018-10-01,0.0036344923421985013,0.004391367923749955,0.007822702782844436,-0.0027542106030115305,-0.0036996800454468406
2018-10-02,-0.0003967689102790794,-0.00739952436156162,-0.007822702782844446,-0.0023995177924754293,0.01280624224985772
2018-10-03,0.0007112667367183715,0.0048539540779511114,0.03378156802540665,-0.002231905179333874,-0.0034156533069074047
2018-10-04,-0.008203035421009815,-0.008966842199143342,0.011324440972901575,-0.0065514443949888455,-0.0009184702430270636
2018-10-05,-0.0055433145846221455,-0.008799899649753971,0.008720042246253633,0.003633144332951674,0.003335560266446415
2018-10-08,-0.000395194708349698,-0.01075556643104301,0.0024775904560687696,0.0003916613335415117,-0.014084678619262271
2018-10-09,-0.0014189098341542976,0.003640221207592986,-0.007762838370481097,-0.0024743353677267104,0.0023612144438462214
2018-10-10,-0.03341638904260208,-0.016662312885353064,0.005285247914412169,0.001115539847432275,0.0017673875050836347
2018-10-11,-0.02078757997254153,-0.01782294254329455,-0.028941941581209392,0.0022925758813270494,0.02835066409333902
2018-10-12,0.014106235408376288,-0.004616170866588246,0.0025502517844022653,0.004936896711930574,-0.004423356219554005
2018-10-15,-0.005922482291300048,0.004983852073329373,0.006979747212935391,-0.00337871276967803,0.006790820801527913
2018-10-16,0.02126782803490127,0.014524706571800982,-0.002215607139826156,0.00277613066095182,0.0007336059237572539
2018-10-17,-0.0002526942626648821,-0.004387418744080595,0.007261279776764467,-0.0007063381347118181,-0.002937658298874482
2018-10-18,-0.014496490575341185,-0.009757350650023033,-0.0012590334033437019,-0.006449661883067655,0.002285568608961214
2018-10-19,-0.00036123513527937907,-0.0002397914540510115,0.007217982771539745,-0.0035590143590289915,-0.0009788328932091772
2018-10-22,-0.004308797096477868,-0.006477220407347319,-0.0006255411604668331,0.004306794612387999,-0.0033518099283377867
2018-10-23,-0.005527076180694164,-0.015527057593593876,-0.009431132420366958,-0.003618821551799291,0.009940661474511047
2018-10-24,-0.03135077386114084,-0.0033836442605537226,-0.013354671338644711,0.00045873224217338594,-0.004550613589319168
2018-10-25,0.018453717978714167,0.010824978042289685,0.0038338211568797985,-0.006461454314165988,0.0010581845953804216
2018-10-26,-0.017479138010003174,-0.009369381820754558,-0.018993011608711634,-0.0018790143987378028,0.002762452559275811
2018-10-29,-0.00658120829519397,0.006372235591365553,0.00324464619320195,0.0018334180682723267,-0.006512029524622742
2018-10-30,0.015545322971877482,-0.0024753978986989467,0.00742298154030342,-0.0019813685457873696,-0.0015528787665673905
2018-10-31,0.010792878754571094,0.015881495787309526,0.015632804001190298,-0.002624516859612044,-0.008460296595855924
2018-11-01,0.010502498868529206,0.002093172975008379,-0.004759604907561177,-0.0026175181948033402,0.019360936987837057
2018-11-02,-0.006336721055879746,0.0031782407930703153,0.022020371607644793,0.0076225100963029264,-0.004134730067067751
2018-11-05,0.0055846936971941175,0.0009204933233594404,-0.004053009919627316,-0.0005016012498704805,-0.0008940347270811313
2018-11-06,0.0062397877444086355,-0.0030974407590905334,0.004053009919627221,0.0013457141043092423,-0.0048907822962693795
2018-11-07,0.020987078560774024,0.012005880942202285,-0.00031116462476990677,0.0022395351045813323,0.001959104580683226
2018-11-08,-0.002512068988491457,-0.0026403874952903176,0.0065146525922543125,-0.0003889112093649832,-0.0026948093485058135
2018-11-09,-0.00924158591537243,-0.0025081177355332244,-0.014012397192572662,-0.005757617992678804,-0.013584368668582848
2018-11-12,-0.019898150985467496,-0.011025106105627572,-0.000941108324285823,-0.0038237886881901163,-0.004236394117412716
2018-11-13,-0.0014830188221738934,0.009578035032960678,-0.012952361524093715,-0.00812099283730819,-0.0017497173022614182
2018-11-14,-0.007596188818450545,-0.006052713863588747,-0.00798091894609338,0.006898682860815119,0.007228707752084227
2018-11-15,0.01053803274264194,-0.004706332946132231,-0.0006411847184750612,5.659312249631377e-05,0.004048441325541188
2018-11-16,0.002220837537483983,-0.003004238071863592,-0.014212173776351505,0.0011543485143173634,0.0065746453782541325
2018-11-19,-0.016783161235721437,-0.006437393806280191,-0.005545589319143025,0.007833541738013036,0.001882178005493029
2018-11-20,-0.018317995556585972,-0.014103862854420071,-0.0029483475889419334,0.0035904124545615974,-0.0033577490512391004
2018-11-21,0.0030386693107672014,0.012070310680915238,0.004256025742013749,-0.007236214894346958,0.005562881404039089
2018-11-22,0.0,-0.008674409612220796,0.0,0.001399771088484465,0.0
2018-11-23,-0.006576419711855615,0.003365341994837204,-0.0022895211604099953,0.00129913302540532,-0.0039235367746059515
2018-11-26,0.015412975845366429,0.011252242501360993,0.005876649657468656,-0.005787459882789436,-0.0006554554094466516
2018-11-27,0.003256384364612641,-0.001984512462471277,-0.005549209502426702,-0.0003514642433935953,-0.007403176331916226
2018-11-28,0.022714051303113776,0.0005904350012426973,-0.0036072039257679838,-0.0030552182237152223,0.008386198408281134
2018-11-29,-0.002185494545393453,0.0018509802262457826,-0.0029609577578211858,0.006154085648589298,0.002208098359343363
2018-11-30,0.008137547716617559,-0.0003245572013241418,-0.007275188845351492,0.0021282563230342836,-0.0031911204357085257
2018-12-03,0.010882001794362436,0.01310579870652959,-0.006994169410099231,-0.004444753317076851,0.011165164989324806
2018-12-04,-0.03290022883855611,-0.008038464791047353,-0.022989544168766963,0.0011120969434071908,0.005818158773582782
2018-12-05,0.0,-0.012297609786400456,0.0,-0.001055343439309746,0.0
2018-12-06,-0.0015233879141442856,-0.03367863257211548,-0.016552135710143783,0.0005445647806004922,-0.0024201367564945673
2018-12-07,-0.02359633545632224,0.004124880883144059,-0.009081453839090542,0.00226102987934065,0.0070023813482669945
2018-12-10,0.0017606032229163218,-0.0136747755772147,0.002103064959539438,0.002300368502689518,-0.0024895396566155777
2018-12-11,-0.00035640967530566644,0.01262471344576636,0.008020967964592927,-0.003902916391754538,-0.0014482837866976904
2018-12-12,0.005404871010351243,0.017085414693350703,0.009334536619187853,-0.0029483233608125887,0.0020110210300008265
2018-12-13,-0.00019995031241503897,0.0013504364476324506,0.0017191389884119055,0.004437154988177638,-0.0013671131226424276
2018-12-14,-0.019271212268699812,-0.006308014333838195,-0.0068941951000080146,-0.0008640370211149319,-0.00459729912749512
2018-12-17,-0.020992284828576645,-0.00940520892375757,-0.011830311612671937,-0.005089346754260064,0.008372311271493809
2018-12-18,8.639685378910398e-05,-0.00770674459799423,-0.011263781159758342,0.003874133037778065,0.0014419026574249351
2018-12-19,-0.015515459175936802,0.003693669787407582,-0.016777095263418956,0.0022498726790910906,0.0023188148550025403
2018-12-20,-0.015897809484103957,-0.0169616009032713,0.0039518347410623725,0.0012406398541556292,0.009142648430483463
2018-12-21,-0.02080312049854063,0.0001833291330626483,0.00107508375617266,0.005894325669240089,-0.0077857918229155085
2018-12-24,-0.02748657287831441,0.0,-0.015520969162625754,-0.007362502855146589,0.010867477681360828
2018-12-25,0.0,0.0,0.0,0.002733204388363113,0.0
2018-12-26,0.048403177670805035,0.0,0.01731015412167969,0.001015549167608685,0.001340285772125058
2018-12-27,0.008526228968816992,-0.02130438180108747,-0.019495166589378627,-0.004760354329909309,0.006361771038876295
2018-12-28,-0.0012423539102312722,0.016600932821909782,-0.002555201012612128,0.006119700433588459,0.0020334556603831245
2018-12-31,0.008456625862206874,0.0,-0.018443883491304793,0.0007775629855240129,-0.0012508605650431678
2019-01-01,0.0,0.0,0.0,0.0046324981013964464,0.0
2019-01-02,0.0012676930626261643,0.0,-0.00935114156416574,-0.002731637394770495,0.002109914525054996
2019-01-03,-0.02506833181891511,-0.010728632882716695,-0.04104127823669399,-0.012608298115566716,0.008395609500155037
2019-01-04,0.03375939906034647,0.02908235979073425,0.04028936335721476,0.006426636088957116,-0.007069439157760669
2019-01-07,0.006985975995229761,-0.002702731825455765,0.008612673568133543,0.0016987238668561887,0.0031913610711298765
2019-01-08,0.009648587336497393,0.006996750080740116,0.012597483489872515,0.006054385516065666,-0.0028016342498520465
2019-01-09,0.004089671332822161,0.004995797942399764,0.004408473521870144,-0.0020641436330749562,0.0047425532281951755
2019-01-10,0.004508241374462229,0.0017865338492528064,0.0010991102227795413,0.008594450913368567,-0.0035742832584524176
2019-01-11,-0.0001463085444824661,-0.0018516615538500102,-0.011045757305832713,-0.0038864264493645136,0.0018664166569111902
2019-01-14,-0.00527139458724949,-0.004852115237414933,0.0033265833376350785,-0.00435283427225836,0.0015526748231558635
2019-01-15,0.010664618879761001,0.0042037082327598925,0.00036890888448203794,0.0011121961372727578,-0.0022521847725428135
2019-01-16,0.0022195205290883643,0.002984385926702165,0.007350265083715659,-0.004898327287011697,0.004189644244261605
2019-01-17,0.007562730706235749,-0.002560737861873269,0.006569412612605102,-0.0016427589079669254,-0.0004646291352922488
2019-01-18,0.01309691283985578,0.021137785882951204,0.012651478148730563,-0.0004784957874557275,-0.007541886222843759
2019-01-21,0.0,-0.0031469256850880545,0.0,-0.0023781934087444396,0.0
2019-01-22,-0.014258476827972471,-0.003934046437552616,-0.019587097514023325,0.0003296032683529126,0.00093607242112592
2019-01-23,0.002200489919450871,-0.00021531680695961887,0.009115867960736797,-0.00046606963613473793,0.0004677078286435974
2019-01-24,0.001374780110977555,0.00454607252324938,-0.015731153450861818,0.002127322710837133,-0.003122319355127618
2019-01-25,0.008452867700518018,0.011743401598662159,0.015004903088182456,-0.006583448410776002,0.01420559407819777
2019-01-28,-0.007877775848708898,-0.008243814465920539,-0.003274539210065955,0.008760988515929479,0.0038464543970783884
2019-01-29,-0.0014573079351148383,0.005134552163591746,-0.011730363878116556,0.0014848026534814308,0.0044433742087311885
2019-01-30,0.015429609891560045,0.002634952491782735,-0.0062881511031696825,0.0004686962359195961,0.0012987078392666725
2019-01-31,0.008560648809767757,-0.0007308959338661556,-0.02251500121613039,0.004561711164055767,0.007453583981655651
2019-02-01,0.0008982065848071141,0.003693264801556981,0.021029687700396024,-0.0033259073301630383,-0.002123892768155545
2019-02-04,0.006753381117479676,-0.0018686454201941745,0.012188513810384632,0.0005039053289246995,-0.0019762666158226303
2019-02-05,0.0046973704373502,0.015623582115390725,-0.00810917634787146,-0.0016595470915367278,-7.616332988273438e-05
2019-02-06,-0.0022269157175087858,-0.0007125432366254678,0.0,-0.0023074618573273305,-0.0035826933617428332
2019-02-07,-0.009401193202230233,-0.019483571527738813,-0.018678149912857992,-0.003860612972666276,-7.634929554701608e-05
2019-02-08,0.0006759725660127,-0.004816737627708068,-0.0075700517558733105,-0.002395346293797252,0.0032785106548437006
2019-02-11,0.0007088518038183947,0.009518844927248676,0.010957995144758105,-0.001280408356981286,-0.005113111682841348
2019-02-12,0.012807852902838604,0.007910194903747813,0.008606227781523723,-0.004000844109966494,0.001681791706648733
2019-02-13,0.0030194315937109753,0.003635198391655212,0.008902109829683908,0.004918473500405294,0.001221448744417649
2019-02-14,-0.0026551633836986214,-0.006173899761014132,-0.01901264343936485,-0.0061695798826221495,-0.0007631840122664169
2019-02-15,0.010820004664957538,0.018241760359433,0.0033814890764622255,0.002695914497866886,0.0063167961332353875
2019-02-18,0.0,0.0010915872836722747,0.0,0.00023722211329471452,0.0
2019-02-19,0.0014976213265920058,-0.0016594578292738738,-0.007152228914117981,0.0012322692836783213,0.01655293261183519
2019-02-20,0.00177553356074094,0.006179551101348188,0.0026410010922206686,0.0027411608677647453,0.002385089610256545
2019-02-21,-0.0035326693258413886,0.0012907677255535534,0.012729456739487747,0.00029495792912739876,-0.014849566751193068
2019-02-22,0.006390638694710404,0.002096675262102332,-0.012352765260978931,-0.0002949579291274804,0.004297478078310308
2019-02-25,0.0012311044497517107,0.00288829273506868,0.006756829630472752,-6.799872349992361e-05,-0.0024857282115930447
2019-02-26,-0.0007907696728402984,0.0028344031175147177,-0.013938888021938933,0.0022255802146592192,-0.0006035826876001255
2019-02-27,-0.0005441974362980739,-0.0019932931257057003,0.0213932573417343,0.00225328383968603,-0.005600154350637701
2019-02-28,-0.002829507598950442,0.004707475507838866,0.006661714984275906,-0.0011386297452060565,-0.00372545752587554
2019-03-01,0.006871656588713028,0.00418739913975763,0.016099926291764863,-0.0005916024068003128,-0.01257108687016906
2019-03-04,-0.003888107395255168,0.0015145131186214444,-0.012050622658625504,0.00021610223753054902,-0.008988108902638492
2019-03-05,-0.001132173489706859,0.003031114394056127,0.0,-0.0033956403273073116,-0.0021817437163371535
2019-03-06,-0.00654547360412503,-0.0007576887377681633,-0.011082482295262312,-0.0026719963826243357,0.00225955480956854
2019-03-07,-0.008158911138331157,-0.0047696710535570916,-0.02102179366388739,0.0006107727107340299,-0.0008564453784477475
2019-03-08,-0.0021339641314536495,-0.0076603152773874784,-0.004181689482867723,-0.010276757477315702,0.010229437404707756
2019-03-11,0.014559535563489445,0.006326589740569409,0.006833697000596259,0.00303939147306997,-0.0063423145671770475
2019-03-12,0.002948965727805163,-0.00014829337954865037,-0.01448191051697727,0.0023841175775367028,0.0058024995240326446
2019-03-13,0.0069255467570192835,0.005884677719809334,0.0023006305659465267,0.0025026548306310145,0.008602826665778341
2019-03-14,-0.0008683993315961826,0.0055750302463771885,0.007250576610176708,0.00385648502303467,-0.01084248805070627
2019-03-15,0.0049725194084307206,0.013094517642622764,-0.014168408156387115,-0.0020036509660536087,0.006473530758076257
2019-03-18,0.0036990967989080333,0.0005491165726175592,0.003464897810339581,0.001006960990779451,-0.0011529150377441156
2019-03-19,-0.00013057007992675946,0.0061969433807400115,0.0046012672204139736,0.0014500240764859019,0.0036079961480897727
2019-03-20,-0.002948696740769673,-0.010800301350769714,-0.03068797567629018,0.0016450012745673303,-0.0034542348680875576
2019-03-21,0.010794015494689354,-0.0014777875639244182,0.0007885864095473657,0.0064134108071521164,0.004296773002431159
2019-03-22,-0.019156827134273257,-0.01848358377716195,-0.03285552714143321,-0.004640417885864895,0.0042021684654013165
2019-03-25,-0.000839372833310059,-0.0015894139412073556,-0.01435915847450175,-0.006982574004310345,0.007822366697732926
2019-03-26,0.007157052947934055,0.005755308944794314,-0.0024824347975263873,0.0017637043133131368,-0.005765872414879459
2019-03-27,-0.00465514327659887,0.0007558483488961682,-0.016708810179582992,-0.0036257832363158385,-0.0033534245976774187
2019-03-28,0.0035830547152617266,-0.0005269235403563518,0.006298516077351234,-0.0020498839618826913,-0.015463611608309486
2019-03-29,0.006711706043324668,0.009418511433491846,0.010410294102231685,-0.0019334983338959073,0.002477894338452264
2019-04-01,0.011502195518044496,0.00999547370872878,0.03380486599772732,-0.0005500201511864402,-0.0035639423656812787
2019-04-02,1.7455554858152623e-05,0.0030437855266909836,-0.006428319711457056,-0.0016149625564934353,0.0012410609495414877
2019-04-03,0.002146072420089187,0.011670046153357415,0.014406017055899934,-0.00016809826851559137,-7.750345753043755e-05
2019-04-04,0.0020824652429942735,0.0018523836101092637,-0.0019884182247375593,0.0038390967308610242,-0.0006979909589999726
2019-04-05,0.004625717623099122,0.001608279483022389,-0.004388659099550196,-0.0018764497341418646,0.0010855427915747453
2019-04-08,0.0010469117505236662,-0.0027332443334054375,0.007171395656274197,-0.0005611678088361302,0.005178717793829374
2019-04-09,-0.0060859764356695385,-0.006080029408201862,-0.007971337715533195,0.0032814920734817597,0.004921969848964953
2019-04-10,0.003471837754499924,0.0021719017459172697,-0.008842531118916624,0.0009346878341712132,0.004286905162995197
2019-04-11,3.8122340342693696e-05,0.0031166792416666934,0.010841282934194146,0.0008454413460724173,-0.015783520778201384
2019-04-12,0.0065875783895457275,0.0036291428634174575,0.022117803468336108,-0.0013973625671128659,0.0015508688265574986
2019-04-15,-0.0006295672443571088,0.000762473866717285,-0.002738108339795138,0.003926453887287985,-0.002948653274649578
2019-04-16,0.0005092283251399622,0.003731702973759952,0.015160653633533593,-1.1282974955778956e-05,-0.011096521695962844
2019-04-17,-0.0022764008207388597,0.004140529338951248,0.0,-0.0017620218189266376,-0.00031438575044829805
2019-04-18,0.0015778468242496745,0.006163162229973141,-0.012422545293738466,0.0010726753274142547,-0.00023578221145405452
2019-04-19,0.0,0.0,0.0,-0.005430513022733237,0.0
2019-04-22,0.0010115058169329091,0.0,0.011650606432454828,0.0007643436363329363,0.0012571507671187557
2019-04-23,0.008802351174995391,0.001319453099563155,-0.00775196964062084,0.0012827031012071087,-0.0033034095568352825
2019-04-24,-0.0021941686030362366,-0.00034831038110090095,-0.018853605893753712,-0.0030802152729997824,0.004872652719189608
2019-04-25,-0.0003690417402728576,-0.0030623755942903925,0.004746783247624326,-0.00633289171461129,0.00023521249854262027
2019-04-26,0.004674350323304823,0.0024283735487511562,-0.011510270063609237,-0.0014934894594870038,0.0071074422097751645
2019-04-29,0.0010709485042338864,0.00043700453511518074,0.012299261617918743,0.0012035870718230023,-0.004915203051928451
2019-04-30,0.0009509646987914453,0.0036143607350106488,-0.01070374936876828,0.003126975986935249,0.0032795166444519316
2019-05-01,-0.00753044585029134,0.0,0.0007967550417920271,0.0027552885720882737,-0.001091977625138958
2019-05-02,-0.0021262446486827887,-0.007336365298447954,0.016196335907224562,-0.0013562607830761623,-0.009172635638250213
2019-05-03,0.00959212747891747,0.0038762040744869403,-0.008262941797533533,-0.0024387022843649175,0.007454230729596022
2019-05-06,-0.004481013189072523,-0.011350470561675938,-0.012323709748302656,0.0010956263111556311,0.0019524392904874438
2019-05-07,-0.016649488088905522,-0.01800428880376624,-0.021019385923572016,0.0014327914841074847,0.001403437671793296
2019-05-08,-0.0016067153894199682,0.0047225391698514484,0.013793386171706098,-0.0009629197866596529,-0.003199484212726764
2019-05-09,-0.0030259986619282898,-0.019666811212396784,-0.01012363159662216,0.0006492528629151659,0.0031994842127267375
2019-05-10,0.003713394069918638,0.0030811876634647896,-0.0008143703561471115,0.0021187176311267208,0.0017125578011547432
2019-05-13,-0.024426469138497504,-0.012053735769100852,-0.02057683850794089,0.0012801764504052242,0.011137886677169313
2019-05-14,0.007983987523216093,0.013043957744589892,0.0058043029074489935,-0.0003482529293695144,-0.004162195438771078
2019-05-15,0.005821994327723055,0.006340655172745262,-0.016673984895291784,-0.0025017087894480925,0.0012351199225512385
2019-05-16,0.008855957116499086,0.015468479301926191,0.010869681987842793,0.000246485180568536,-0.008755371943979367
2019-05-17,-0.005854437174043804,-0.0037645119214941175,-0.005002129761490803,-0.0030101684148013666,-0.00820477351315001
2019-05-20,-0.006772257975405369,-0.01644081518525763,0.009565472383480508,-0.0007372774880440244,0.0012545877919818633
2019-05-21,0.008459949093190606,0.004952426425164069,0.004130624983389517,0.00029036522491189705,-0.003218067708084531
2019-05-22,-0.0028283923638994365,6.199728583633241e-05,-0.013696097366869905,0.0,0.0012570520207180209
2019-05-23,-0.01198569224128196,-0.017730797968082964,-0.04137928178131488,-0.0011720120537771794,0.00875558527616713
2019-05-24,0.0013526437720373175,0.007038169889114234,0.01212130798637407,0.002602643865678214,-0.0014020165813160776
2019-05-27,0.0,0.003973379597973264,0.0,0.002239375060896092,0.0
2019-05-28,-0.008410950000260244,-0.004522622766229335,-0.024391451857619022,-0.0014113484229803018,-0.005079127934097918
2019-05-29,-0.00693591016723137,-0.015361391919796507,-0.014209753658094688,-0.0020687923774008418,0.0032067413386132966
2019-05-30,0.002096272674997037,0.0,-0.004033195170668802,-0.0029892075171091474,0.005062907666908317
2019-05-31,-0.013283205250452958,-0.005284139046233651,-0.03891543409270464,-0.0005567402489159767,0.014424310458736921
2019-06-03,-0.002769070654307939,0.006014633513776111,-0.028891362836531435,0.0038475888526603077,0.012859147970708999
2019-06-04,0.021205927081077776,0.010030676252192191,0.01809566899405147,0.006445830078432219,0.0005291359094371339
2019-06-05,0.008128726978813691,0.0019360219053373904,0.0018858792148889613,0.0006863168436886033,0.003695764872375826
2019-06-06,0.006116840676004416,-0.00046120278670987614,0.0004709988051621829,-0.0022258578473965626,0.006976979179977753
2019-06-07,0.010442979247260026,0.01190165055992911,-0.019011960528913335,0.004219828344535549,0.0026877541074792105
2019-06-10,0.004649220074765499,0.0,0.027917487004555434,0.003864012256703314,-0.012378717355321674
2019-06-11,-0.0003499414579512858,0.006702667452184589,-0.0014007859248723548,-0.0001811446154029547,0.001282541956835377
2019-06-12,-0.002039657827237423,-0.004263645373682966,-0.006093297896441775,0.0010077795044543913,0.004137988749946852
2019-06-13,0.004089010502850191,0.0011421110927804824,-0.0170701214003004,-0.0029977898381629686,0.0054658717373067345
2019-06-14,-0.0016128117861529605,-0.0033413846762753085,0.000955953722039804,-0.0013432139022488056,0.0006718355335490992
2019-06-17,0.0009313154323528439,0.001188932941810127,-0.0033500723595438755,-0.005635586181714401,-0.0010452624905258059
2019-06-18,0.009670489592970687,0.020386579025630014,-0.012542385095587716,0.0006731322746558854,0.005883921663461859
2019-06-19,0.0029807167930238428,0.0005240782027082539,-0.015162872559885333,-0.0023543285384641957,-0.001486326103211523
2019-06-20,0.00942760533587314,0.0038655405942223196,-0.013896063084599713,0.0035898806005276213,0.03529136934367409
2019-06-21,-0.0012600162797279978,-0.0003345800319603544,0.032934975081038584,0.005070115747244044,0.0023663033426528273
2019-06-24,-0.0017333884605870258,-0.003279127510980501,-0.022989601340347856,0.007858698550878718,0.012880517986897823
2019-06-25,-0.009541775640387554,-0.003249299779784712,-0.01344974262509366,0.001366994847334753,0.00042413090583868053
2019-06-26,-0.0012346956788039985,-0.00040949405724687813,0.027209230862367834,-0.0026640390021479346,-0.002335078951077535
2019-06-27,0.0038158857925908473,-0.0001655892671586578,-0.0217077635217518,0.00042076235336564207,-0.0022694698902970736
2019-06-28,0.005740941840599626,0.009054354074669209,-0.0024969372763501614,-0.0001592063874156251,0.0009225555241278228
2019-07-01,0.007643018610953927,0.006856772364126666,0.016857077681642095,-0.0007048372340149661,-0.017243639951311836
2019-07-02,0.002923847276988696,0.002966182650225708,-0.02892968352997546,-0.006841027998014664,0.013619306155092862
2019-07-03,0.007643095660684157,0.009264276643620627,-0.01170794869763301,0.0004967823546674645,0.009283258338381215
2019-07-04,0.0,0.0009936850340124745,0.0,-0.00045168692846070087,0.0
2019-07-05,-0.0018075342045486649,-0.004572865691242527,0.047497128660732586,-0.00019180164220305857,-0.014923529329707681
2019-07-08,-0.004847173010123794,-0.0011968595588375316,-0.006859496433124115,-0.005189307743699327,0.00021480390487373257
2019-07-09,0.0012357930584538906,-0.003983794229374947,0.009784804977470682,-0.0010099377256192056,0.0003578457722924877
2019-07-10,0.004500546936082614,-0.0023476443570821215,0.003402291439806769,-0.0006951303941730276,0.008975680500219938
2019-07-11,0.002282619578948549,-0.001368925034266224,0.02822468004348953,0.0045046519407322076,-0.0041216137849031005
2019-07-12,0.004609534302066538,0.00025732229004675163,-0.006625646349432297,-0.0005740370210267257,0.0039798044429101
2019-07-15,0.00017585372838413283,0.0013114820016394049,-0.006669838503307665,0.001745659265439037,0.0010633396770111903
2019-07-16,-0.003409584555010327,0.005450264362689077,0.014238480454884192,-0.0009126720794380647,-0.001560004046945811
2019-07-17,-0.006552665466093182,-0.0056329916180202794,-0.029167675645633714,-0.0044048128062413846,0.008549847281970965
2019-07-18,0.0035755977088190827,-0.005369113389189768,-0.011222367448361081,0.0015484200315144313,0.0033714485237431127
2019-07-19,-0.006195889464844692,-0.000761207181556337,0.00489476746420748,0.002833951669395673,-0.0007014590755676152
2019-07-22,0.002824701686250326,0.002794793985420721,-0.0024444472416434273,-0.0038441102150741594,0.00014038257143025957
2019-07-23,0.00682414513927642,0.012231814016895727,0.015059745356129323,-0.0010875570533576903,-0.003655077659947234
2019-07-24,0.004677192813475714,8.430830940725079e-06,-0.011639282899229986,-0.004907467549868986,0.001899520933457056
2019-07-25,-0.005276296483599537,-0.0064602919911525255,0.01163928289923003,-0.000791388790600397,-0.006274934527660716
2019-07-26,0.007360535770783042,0.004071318251206608,0.003369537700331592,0.0003342777468417021,0.003248114383933726
2019-07-29,-0.0016174219290574364,-0.00025252164121671554,-0.01257271005607507,-0.0012586424965775793,0.0007751493255889368
2019-07-30,-0.0025819853720443708,-0.017385562757756146,0.0029154742254111038,0.0009801032980864398,0.00708947330791591
2019-07-31,-0.01094520695213996,0.0011544512263195112,-0.01959896153809187,0.0013379691883316093,-0.0025211692591502522
2019-08-01,-0.009039527568806017,0.0,-0.06490137015954717,-0.0077580179364134675,-0.003652937797119556
2019-08-02,-0.007309388539565105,-0.026519273028441145,-0.02080631661962475,0.0006423671708642403,0.0172339525633451
2019-08-05,-0.030230182169694777,-0.019498059790406343,-0.06687728469775593,0.0026290992844662667,0.013057707568042691
2019-08-06,0.012933023911166613,-0.005837125946429015,0.0023027923405497786,0.012147950516988368,0.0053115881284716455
2019-08-07,0.0007665823338588767,0.005553195186457326,-0.03213828910322158,-0.0032778523360136405,0.023426264124913006
2019-08-08,0.018588462466865085,0.01956271057467883,0.018824053398671853,-0.0002353191249881552,-0.006389437814637304
2019-08-09,-0.006638593133657111,-0.012413081905490593,0.010434881379007981,-0.0015338026478230985,-0.000734713063036057
2019-08-12,-0.012393809115915354,-0.0021590483768927143,-0.05634452440348654,0.001903564986125621,0.005796393970688471
2019-08-13,0.015018346267301863,0.009159606706369968,0.02470742693831939,0.0008747157439385969,-0.0020615785564280236
2019-08-14,-0.02973035245453567,-0.020603017219872934,-0.060736222665848084,-0.003684014354080683,0.009078670323797037
2019-08-15,0.0024612366981802422,-0.0018017017457246593,-0.03344358388959996,-0.003024408733292059,0.0024377881760616533
2019-08-16,0.014323058172245003,0.014005379693108387,0.006518921526674645,-0.0026708564106834526,-0.004683215342362713
2019-08-19,0.012033175564397505,0.011976328987782793,0.03762000121237608,-0.001776590511615778,-0.008032155425561887
2019-08-20,-0.007946215312115467,-0.005643347633177132,-0.023426243564312985,-0.0009646611520012486,0.0027953104204053326
2019-08-21,0.008212979557352937,0.013242333887616543,0.010197687076935318,0.0013197377273767932,0.0
2019-08-22,-0.00050620295927854,-0.006270178828869566,0.02070986599162457,-0.0006323495735885972,-0.0048635471453845345
2019-08-23,-0.02628888112283785,-0.011753382905184963,-0.052274499009604486,-0.0006098411473300269,0.019379505617472023
2019-08-26,0.01092311273079789,0.004366276940152436,0.011064193700854983,0.005312309309738485,-0.00019648645968019812
2019-08-27,-0.0032083218005562386,0.00643814836243856,-0.03624775621492008,-0.003537256893122397,0.009585018407868445
2019-08-28,0.006524151530562512,-0.001511342731859848,-0.016238549565062585,-0.0012317467317716595,-0.002078700970101249
2019-08-29,0.012607482441094399,0.013561418389799615,0.033537731815849986,-0.00037704624230177567,-0.007375322175081968
2019-08-30,0.0006425807598767749,0.004512943710980414,-0.006618151367957693,-0.0021593289853707575,-0.004859495032714913
2019-09-02,0.0,0.0016853120941797257,0.0,-0.006362502791238149,0.0
2019-09-03,-0.0069230093326854165,-0.003443624202902063,-0.02691958044789222,-0.0021191385919894787,0.017488242652852915
2019-09-04,0.010783725278421427,0.00875790537508064,-0.004786313134998973,0.0005485905007386359,0.0028422112731653843
2019-09-05,0.01292591292175976,0.009767138822959258,0.07013459689690452,0.005491346018407023,-0.0227690454603242
2019-09-06,0.0009101908043767861,0.0030057775390850932,-0.009630960387242324,0.00012141682649037292,-0.006089556358749777
2019-09-09,-9.401467889992668e-05,-4.8617101913433956e-05,0.04540504259059061,-0.001422711981305087,-0.002659222501661612
2019-09-10,0.0003222524259310153,0.0011352489126990608,0.04814410028061543,0.0025158795130875685,-0.007953193028797172
2019-09-11,0.0072036723263872,0.005082839005936374,0.018049990807502796,0.00017672051437775128,0.0027473300929079327
2019-09-12,0.0028750162782333164,0.006247480101262014,0.0329200940247321,-0.003342692532724868,0.00287322825901904
2019-09-13,-0.0007246768769660504,0.0031739474432443326,0.06065745893967669,0.004061228432765623,-0.005218052260891263
2019-09-16,-0.0031405129163559896,-0.008958081336859713,-0.033122705798452876,0.0022695435289529064,0.008149645086967567
2019-09-17,0.0025784253724619854,0.0007983450336996804,-0.015877653391551953,-0.007013239349717472,0.0013296990407197322
2019-09-18,0.00034263328426719085,0.0019236041424152616,-0.014452737690662123,0.0062265838521357595,0.0015933246639142726
2019-09-19,1.9974521929475905e-05,0.006951289374737932,-0.00674157862573786,-0.003912760857539547,-0.006054761178040599
2019-09-20,-0.004907599104880387,0.005261069280614557,-0.01076805710337174,0.0015456218977689294,0.005922114787613536
2019-09-23,-9.694061782751375e-05,-0.009684425535993671,-0.02714579121915577,-0.0026701114277863374,0.010821552218634716
2019-09-24,-0.00845198896355148,-0.0013919673889164544,-0.043680264465306276,-0.0023003809903158227,0.005497771957127581
2019-09-25,0.0061396852419639035,-0.0053995314548410415,0.05763400776955531,0.002101950365998579,-0.01811226148683577
2019-09-26,-0.002431871009613191,0.005436303420893501,-0.027511276440306362,-0.0058218563359692605,0.0019255837015005862
2019-09-27,-0.005330534579128577,0.00387110836567334,-0.005952393036455742,-0.0027564192221066833,-0.0055877378688848015
2019-09-30,0.005034910215248393,0.006625175535800722,0.0,0.0018257472434580673,-0.022532001013061617
2019-10-01,-0.012334126945412846,-0.014447801724193129,-0.01868080768989514,-0.003942544389598497,0.011059616136638108
2019-10-02,-0.01806540418764383,-0.030281194745898233,-0.029631857578481205,0.00323157095816303,0.012739025777429712
2019-10-03,0.007940304773866787,0.001188771532965912,-0.03831882812293855,0.002627776184569618,0.004055705592803874
2019-10-04,0.014116785239259274,0.008548857852109609,-0.013766213898811967,0.0010641256168013682,-0.0005973679771035407
2019-10-07,-0.00448835227368152,0.0070917344810837,0.02477309745315172,0.001021221175843762,-0.005659324852886079
2019-10-08,-0.01568315955210993,-0.011147270838182023,-0.010356100885327284,-0.0013175672354694208,-0.00033390097896368473
2019-10-09,0.009063296514845923,0.008513655641798316,0.03327245306532507,-0.0010965267988039308,0.005926847590369729
2019-10-10,0.0063952024117826045,0.00915749145099939,0.042507172959376345,0.0025240028453327565,-0.007531060731030875
2019-10-11,0.010879579673789056,0.02150741242321663,0.055145925705625515,0.0021118508038712965,-0.008127734184569402
2019-10-14,-0.0013880816732189801,-0.003833731107254259,-0.010903943970988053,0.0017214227218684101,0.006051659334595071
2019-10-15,0.009906445376489171,0.01184931440968913,0.021690340570870277,-9.046477989097708e-05,-0.00949724306442893
2019-10-16,-0.002001544553193733,0.00016674242925906294,-0.013072082453034982,0.0005185753331738292,0.007013803030788963
2019-10-17,0.002759021969775287,-0.002957730284083654,0.0051354998718095785,0.003636940737031737,0.0028856502644308848
2019-10-18,-0.003927045709799847,-0.0025698023331583776,-0.005707772693537486,0.004706823401557925,-0.0027512835044978985
2019-10-21,0.006848114105333746,0.005758131331197624,0.025432326277146405,0.002562558558288225,-0.0039048907125390424
2019-10-22,-0.003575049258376838,0.0013157686635057282,-0.013483377428117784,-0.00035686656150583955,-0.0004723681798664878
2019-10-23,0.002843103345830729,0.0005740176149053576,-0.005103534223829952,-0.002016512323627505,0.005518975719105269
2019-10-24,0.0019186046591713529,0.004006564224361597,0.003971686774947189,0.0002782411876379464,0.006022502044866212
2019-10-25,0.004064429510656049,0.0009135500475463428,0.019624945121865287,-0.0025570968400006238,0.00040019716452753957
2019-10-28,0.0055658199161177,0.0002786091716267642,0.028463905828185185,-0.0017751204828271693,-0.006355599249558961
2019-10-29,-0.0008327519564807664,-0.0009933672923557613,-0.009761469197404967,0.0013421613323952551,-0.0020154524793497153
2019-10-30,0.0032480894008573105,-0.0004970876517490208,-0.020369578445039265,0.0014106152649590552,0.004160767879948392
2019-10-31,-0.0030274386345390905,-0.004396072538559251,-0.06135486295712176,0.003563011187457375,0.012114954399792637
2019-11-01,0.009615930559647514,0.005348567605187081,0.021644635428008617,0.00023423408127475206,-0.0022521201719947464
2019-11-04,0.0036972458053124275,0.011378982828876893,0.033013793608995805,0.0008483186461446384,0.0
2019-11-05,-0.0011864027118206639,0.003081036096623522,0.04381864264892324,-0.0034110980809337267,-0.018201754334461643
2019-11-06,0.0007022505922896238,0.003318275770228137,-0.028262775102865702,-0.004895684739124028,0.0063277911200314285
2019-11-07,0.002726375244280665,0.004851645149467459,0.05991095540480034,-0.0003432343040610424,-0.017601321488917986
2019-11-08,0.002557403145115828,-0.0018983846427929106,0.003627871064376701,-0.0045902746872287185,-0.001982500969778094
2019-11-11,-0.0019643954133371925,-0.0007651850500733898,0.005159965344645548,0.0002491037604672152,-0.003976999709097086
2019-11-12,0.0015634233012630327,0.004151670494359643,-0.01765358406392121,0.0011799926648196426,-0.00233871646192102
2019-11-13,0.0007112815701162954,-0.003427004245972637,-0.020641131809450437,-0.0020945065673948536,0.00658934076646455
2019-11-14,0.0008366926144567594,-0.002893746683900256,-0.029852934173189318,7.707129932495918e-05,0.006886066178064791
2019-11-15,0.007666028777973181,0.00616184499165898,0.010413869911063666,0.0006610320661624054,-0.003062164177331961
2019-11-18,0.0005030263228096366,-0.0018041287057676107,-0.014278124590982547,0.003134730585158303,0.0024504644323866277
2019-11-19,-0.0005927700996925261,-0.0022589716808824514,-0.012242754633400582,0.0015599736293654563,0.0016303409319782403
2019-11-20,-0.0037632564209410676,-0.0034361605428303217,-0.02724344278409991,0.0006901025558301477,0.0
2019-11-21,-0.0015840060861895076,-0.001146180039123763,0.019373779742097696,-0.0001030761451725312,-0.006947360157733074
2019-11-22,0.002172573942375937,0.0020795927316128475,0.0011280844162645145,-0.001173751261188495,0.0
2019-11-25,0.0074792518874672075,0.005506400195960518,-0.005652920741047333,-0.0039206455924227866,-0.004452519674764632
2019-11-26,0.0021931636449402277,-0.0005746166992569041,-0.013698871855808125,-0.0007381815159191847,0.0021945374432130837
2019-11-27,0.0041657356252997445,0.00196809313067668,0.01539805196225419,0.0007381815159192047,-0.0043938174856029385
2019-11-28,0.0,-0.002256909333197426,0.0,-0.0016079721459086524,0.0
2019-11-29,-0.004019286229989053,-0.0002429522279945481,0.005080486787890282,0.0006275423045720938,0.008359042281367265
2019-12-02,-0.008668483693963605,-0.020987850232313147,0.033225616041333075,0.0006609029720223214,-0.0022541262526476727
2019-12-03,-0.006660225258045148,-0.004330120017021433,-0.07168087438762377,0.005436089218695316,0.010814526309483834
2019-12-04,0.006303657608769993,0.013486646944507397,0.041266615370300096,0.0005540853176037691,-0.0028453045693533395
2019-12-05,0.0014991269266302707,-0.0032539417961678324,0.00894362144723226,-0.00019950418705007048,0.0019655192135956674
2019-12-06,0.009094246030426013,0.012045751792146425,0.02473330604631219,0.002019123089264813,-0.01212552242517598
2019-12-09,-0.003167833684474369,-0.005474954662385276,-0.0070825746519682,-0.004200130717519964,0.00013711159596173993
2019-12-10,-0.0010975361689841293,-0.00010890646089370607,0.0021845713582385193,0.0005519736322186549,0.0022587550109528006
2019-12-11,0.0029039375293507703,0.004258582921974286,-0.023738340139787983,0.002504942866564743,0.0046385136565482935
2019-12-12,0.008538667375555057,0.00511244218824923,0.05805806878317278,0.003878867315365377,-0.0018392248396021497
2019-12-13,7.25791502146863e-05,0.0066474829122348264,-0.04198676464298336,0.004497849743318054,0.006049724215781696
2019-12-16,0.007122360942542787,0.011106451227342698,0.03934754677763133,-0.005521771250448632,-0.0004066804034237166
2019-12-17,0.0003352360284609262,-0.007305136986293546,-0.0015868301436951459,0.001124222275714461,-0.00027123977476679824
2019-12-18,-0.0004323936405227425,-0.0016781923568274177,0.01835874581537445,0.0012927328987956917,-0.0013572206434196252
2019-12-19,0.004449378821864254,4.544477507317111e-05,-0.00835079610354509,-0.0031842980116769575,0.0037955689629014283
2019-12-20,0.004932595804334098,0.0099499171169498,0.0047059238900427035,0.0009008548009907165,-0.002370552172288522
2019-12-23,0.0008657687142985109,2.6439986129828246e-05,0.009345803992945064,-0.0041525618246866895,0.005275305725533864
2019-12-24,-0.00019546730246814044,0.0,-0.013004072327617121,0.0012639349687982339,0.011135059860575142
2019-12-25,0.0,0.0,0.0,-0.0003327368246873999,0.0
2019-12-26,0.005115062410053991,0.0,-0.002621231022660009,0.0004770388220483902,0.006781087784430196
2019-12-27,3.3984139657930306e-05,0.0014843657773499928,-0.016406834679928855,0.0005104234111590525,0.0029770786135146807
2019-12-30,-0.005797596079349905,-0.008976614738494943,0.011143669588983085,0.007286623560670526,0.00046227333689126925
2019-12-31,0.002941690644190719,0.0,0.012585403962227838,0.0017862810709916835,0.003295981889555684
2020-01-01,0.0,0.0,0.0,0.0016526425861242138,0.0
2020-01-02,0.008343895362316707,0.0,-0.019469207483769194,0.0,0.0032851540714616823
2020-01-03,-0.007084909364954553,0.0066207835186731885,-0.05123735513023524,-0.004411210053900827,0.016072149694003442
2020-01-06,0.003527145194272564,-0.0055409129343987435,0.012781503291217229,-0.0008486965705175967,0.010913635018349008
2020-01-07,-0.0028071750845948405,0.0017918499240334369,0.008796116292955859,0.0032231383954302996,0.0035692183565126895
2020-01-08,0.004890473485641129,0.0035343622172246364,0.02539986947862029,-0.00387033975832015,-0.009203710678121977
2020-01-09,0.006633214116906491,0.006162405514806101,-0.008574496930833885,-0.0037298266820401005,-0.0036667071971181846
2020-01-10,-0.0028592624875049015,-0.0016768700011599927,-0.017920648786890377,-0.0001889169480695333,0.0037308990396736773
2020-01-13,0.006951994045933256,-0.0026000352738735277,0.012523986891965676,0.0005000532657698783,-0.00585981619083129
2020-01-14,-0.0015156808368957204,-0.0012707688050571857,-0.01636702685585002,0.00171342886823665,-0.003882494785876494
2020-01-15,0.0018684502436879626,-0.0015694721024832195,-0.016639303381184852,-0.0004341866069445138,0.006269176242541576
2020-01-16,0.008331747422232019,0.0013734227454110601,0.011676545030639715,0.0020736147906197213,-0.001999275510573253
2020-01-17,0.003854723247485144,0.008999880758420625,0.014815058650713676,-0.001294140833420409,0.006306764371860662
2020-01-20,0.0,-0.0024266157726484457,0.0,-0.004046570453323238,0.0
2020-01-21,-0.002655500369585384,-0.002611945613112356,-0.03717482813135131,0.00021079095030663436,-0.0015408479920918832
2020-01-22,0.00028903429668107475,-0.005114525735154859,0.0,-0.0010204176837492315,-0.0007069933514569245
2020-01-23,0.001140326193358241,-0.008776270670658675,-0.01652932666012634,0.0009760499881296328,0.00596170020177131
2020-01-24,-0.009083289426193788,0.011258702775594138,-0.03449626768479955,-0.0037215309488002925,0.004145810767128866
2020-01-27,-0.015855752356844034,-0.027176092227566742,-0.046265082556753746,-0.0027048154401573266,0.0036215123910229036
2020-01-28,0.010003383500352516,0.01118831377312702,0.0221820634014308,-0.0005070083082549927,-0.004831603586278797
2020-01-29,-0.0008672501435846315,0.00459794321458163,-0.02905926286668952,0.00025342813606535716,0.0003823495785668443
2020-01-30,0.0031294569302110597,-0.012274078451682482,-0.022843641751733163,-0.000517957493631393,0.00868933318130266
2020-01-31,-0.01786444357136295,-0.013604199501945177,-0.02469260493894074,0.0011133636077491934,-0.000378963863372795
2020-02-03,0.007228425761232584,0.005576460830553932,0.0,0.005485525052044301,-0.0036075310705902057
2020-02-04,0.014869315917506062,0.019209227720934866,0.05316657927933164,-0.002425760277789674,-0.017138114161285474
2020-02-05,0.011187778658972936,0.012133126181716518,0.02829217148337309,-0.0014150782738120962,0.004761622946685296
2020-02-06,0.003320155057001924,0.007300208397701242,-0.0030367439532992357,-0.00407914716479985,0.0046751032672821095
2020-02-07,-0.005415491009458352,-0.0018490326264097108,-0.04097413872644863,-0.0017588635635342222,0.002233782116915276
2020-02-10,0.007299690120573207,-0.0013989173697918458,-0.019840586129120555,-0.003070422989157765,0.0038812607041441385
2020-02-11,0.0016870486860021178,0.008573374585439403,0.027416432961295836,-0.003279425511196765,-0.005795625430667941
2020-02-12,0.006441853105203067,0.0074450444412232425,0.02484597466831889,0.000545789907371758,0.0011490897071122928
2020-02-13,-0.0016317763599886593,-0.0019970846092495238,-0.00800744132458045,-0.003988568387689874,0.004900535612764321
2020-02-14,0.0018418360984854144,-0.0015011025764598521,-0.018097170509630032,-0.0027586935935611265,0.004813471680398959
2020-02-17,0.0,0.003197212283863462,0.0,-0.00039037003474076096,0.0
2020-02-18,-0.0029242139861477136,-0.0043512145910202145,-0.020356977980286586,-0.00015174787186237877,0.010871410739791924
2020-02-19,0.004694748284284925,0.007437306134576099,0.008957230690396582,-0.00413242307371629,0.004676547883901803
2020-02-20,-0.0038228174279975285,-0.010978016969100043,-0.02908125834381935,0.001360184848757387,0.005644986085864686
2020-02-21,-0.010573809232819777,-0.005929187201152059,-0.0360519826286519,-0.0020464967645173063,0.01717201549417072
2020-02-24,-0.03408807942044074,-0.04092744651001526,-0.06603521074969647,0.004721186336458318,0.01676255638881947
2020-02-25,-0.030747904375353224,-0.0209051516751585,-0.03472822654618328,0.0009358327590466026,-0.015364987376213718
2020-02-26,-0.00378569732353003,0.0014460938292004692,-0.015151880967518485,0.003018415136661551,-0.004198505886171601
2020-02-27,-0.045168136352261155,-0.034625846621365954,-0.008432336756687656,0.0003581554049379228,0.0
2020-02-28,-0.008272463109653077,-0.03726954374261333,-0.14203554456655856,0.010175447527352876,-0.047385678747064744
2020-03-02,0.0450108687694132,0.0028013334401708156,-0.03521800943091245,0.004905810422639446,0.017868979456354687
2020-03-03,-0.02851048492291458,0.009876664997364467,-0.07439088136831275,0.008356433460813023,0.030796353102671873
2020-03-04,0.041336349360633136,0.014307162875548266,-0.017982509451321543,0.003281729195869594,-0.0006091618212690988
2020-03-05,-0.034510782439981125,-0.01679839131463021,-0.06884885732537005,-0.0037273637898381047,0.01529889178860684
2020-03-06,-0.01720094365238617,-0.03988308618495261,-0.2712590379982701,0.0075809876464607955,0.002636957249874577
2020-03-09,-0.07901041294037148,-0.08824776710983163,-0.34700907406569687,0.01434540861589893,0.0022120303868409007
2020-03-10,0.048215052425859106,-0.01671509215691663,0.40479689084622306,0.0010481051458756956,-0.009239341300194449
2020-03-11,-0.05010289280860541,-0.001533797747408632,0.09190131913711817,-0.007172069563950376,-0.010725720864527515
2020-03-12,-0.09994485240247351,-0.1324051514499897,0.03475482781668788,-0.004871123222760194,-0.03225585264372553
2020-03-13,0.08880840694923595,0.015899010298095297,0.11345487711991947,-0.006823700781210622,-0.047416352203101815
2020-03-16,-0.12765219747281742,-0.053880940437663456,-0.2672130085804683,-0.0026473308768339967,-0.019856680529920206
2020-03-17,0.05822631263569171,0.03217783028522156,0.31444972102606444,0.0007030167891367934,0.02590818443844778
2020-03-18,-0.053222272332080246,-0.05887400225671386,0.23886687939835644,-0.013317896271767483,-0.03171271975140128
2020-03-19,0.004696760970401053,0.028209068013815706,-0.12342695750356128,-0.004911892531991977,0.0008795472315558977
2020-03-20,-0.04432762405336681,0.03775297336886199,-0.17644069689703823,-0.028144080771162875,0.0036454671159334207
2020-03-23,-0.02973150100957679,-0.02501499531758487,-0.20518218662150486,0.003469689454375606,0.05442181862869502
2020-03-24,0.08968323251796326,0.08834255230302712,0.06584654897048721,0.006544952365581136,0.05777508425392426
2020-03-25,0.011468990420822226,0.030836869784760492,0.050189740437426786,0.0035262190611547056,-0.016947954536260905
2020-03-26,0.06054383107424656,0.016870376094456928,-0.05633603552178771,0.00801521441819402,0.010845784249569976
2020-03-27,-0.0342678455416263,-0.0427328080576399,-0.07952904047397372,0.014467411219748412,-0.016005198817997043
2020-03-30,0.032966590569974794,0.013457938070896586,-0.11146126341186055,0.008187089303251458,-0.0011707228298990415
2020-03-31,-0.016142310788415843,0.007664948263532728,0.040941385279243084,-0.00979877568790389,-0.02408550651926629
2020-04-01,-0.04514636273278691,-0.03900108516557309,-0.09459413869945982,-0.0003529198097441969,-0.003289523008281446
2020-04-02,0.022572657056960366,0.003050947308244599,-0.012678484308593597,-0.006638045995333951,0.0296535360572285
2020-04-03,-0.015252860825944299,-0.00953014608785051,-0.06592165861695296,-0.009744816047908876,0.00490888893936245
2020-04-06,0.06796824414483035,0.04872953622778681,0.1411682336835515,-0.0037354318739070817,0.02615913167880727
2020-04-07,-0.001604339048362459,0.021827495919923213,0.08503704604030268,-0.0002916967182406305,-0.007301457414060284
2020-04-08,0.033489371191284686,-0.0022420642327234362,0.037337666621617215,0.008419050808379198,0.00036032405214913405
2020-04-09,0.014383470303699339,0.014456931945521905,-0.046894093223127306,-0.0028938347371023966,0.041633439372849586
2020-04-10,0.0,0.0,0.0,0.005850777165835929,0.0
2020-04-13,-0.01015605944467711,0.0,0.027065306635279705,0.00048098003060578255,0.004941175038212751
2020-04-14,0.03011455957230757,0.008587892804300277,0.003997289002597245,-0.0008851384596624093,0.006797057351607868
2020-04-15,-0.022276732672369248,-0.03826564934832847,-0.1643979884266354,0.0056960393003238855,-0.016935449293475353
2020-04-16,0.0057998378395412884,0.00147677618829624,-0.04651998894226281,-0.007335406043470732,-0.003944735829989091
2020-04-17,0.026440932021320578,0.02664764315844856,0.07128901505663307,-0.004285139918145141,-0.018301820946780283
2020-04-20,-0.018042845615347775,0.0073131344571329086,-0.0437569768629685,0.0007820191746308519,0.007313955384594793
2020-04-21,-0.031155115236330667,-0.041459446356827814,-0.09196117595146638,-0.0001956120482852273,-0.013847209197883095
2020-04-22,0.02267130058213675,0.015484829983364326,0.08071612660480516,-0.0007709720633413682,0.029647891342731346
2020-04-23,-0.0005395676601955963,0.006175137433300293,-0.009740404922374669,-0.00432246331143561,0.0026574814347122173
2020-04-24,0.013822090566839217,-0.015328274127259517,-0.02812420279719683,-0.0030221678851646873,-0.005670027160958046
2020-04-27,0.014606868181735996,0.025662263851690195,0.09592012309834642,0.004320208971249524,-0.006753227914803885
2020-04-28,-0.005256170190483643,0.017189511747188226,-0.07270183594738887,0.00010825926220592308,-0.0008181536244567528
2020-04-29,0.02623670404507307,0.021599525997861944,0.0274875189472403,0.0010830485703049676,-0.004159457378130776
2020-04-30,-0.009255143319054839,-0.023009128281784263,-0.008006440557671829,0.0037456223174487475,-0.011335623435517613
2020-05-01,-0.028460211014775954,0.0,0.031648275134245125,0.0062521016248604224,0.006097067443094948
2020-05-04,0.0042408225788494016,-0.03880779398122714,-0.007818640393100044,0.0012924943262924613,0.007291162026340241
2020-05-05,0.008999935197779802,0.020881243964133055,0.030914332719107377,-0.00506151744593804,-0.001465717123550518
2020-05-06,-0.007003880399042588,-0.011241991716515881,0.07898843887987814,-0.006044457194208517,-0.011922512345884834
2020-05-07,0.011438955754890805,0.012871516055658339,-0.11936663076719134,-0.003699948420920635,0.02207963897860998
2020-05-08,0.016730795065226244,0.009504782895423593,0.07772379599477552,0.003569826442106355,-0.006935380050009182
2020-05-11,0.0001330693667907644,-0.008411892073766577,0.06252039935555971,0.00021678724144065777,-0.00857515842664911
2020-05-12,-0.020713365772047604,0.00015601771048526792,-0.06840278137559257,-0.0027818730242308957,0.005353411843933332
2020-05-13,-0.017616996624280044,-0.02586733711266114,-0.043714548750222335,0.003454153486910613,0.0055583326933722026
2020-05-14,0.01145891780407149,-0.01806620858923808,-0.047327398618414035,-0.0021344971862724505,0.014021058879757815
2020-05-15,0.003918675203723029,0.0037859757178510486,0.033362852814997235,-0.0015466442661771166,0.008764225555300193
2020-05-18,0.031015208770073424,0.04969890221724224,0.15057290454479197,0.0013302007365226065,-0.012395415869611638
2020-05-19,-0.010539747711599283,-0.003198856877557352,-0.04536859319870389,0.008629270343230282,0.007134611589602911
2020-05-20,0.0165139906134157,0.013622116195632925,-0.044579656659444473,0.00115766159200992,0.0036626025539089747
2020-05-21,-0.007803968309953686,0.0,-0.0044215562021605315,0.005039383759406821,-0.01734362611469108
2020-05-22,0.002350945686812366,-0.012626982616439962,-0.029987226018273076,-0.0027418957158269978,0.008161878938069567
2020-05-25,0.0,0.022421270709473924,0.0,-0.004126281178358824,0.0
2020-05-26,0.01221428502146052,0.009335817233469814,0.06053509610547289,-0.0004405280636237495,-0.017328994749641426
2020-05-27,0.014718447490314346,0.017143406813548815,-0.02612631388503919,0.0071989649335533965,0.003220991829132791
2020-05-28,-0.0021101393249195488,0.014120986155672212,0.036104970450882526,0.0031897006443984094,0.001752541583290877
2020-05-29,0.004800793552307952,-0.014409491831531555,-0.08430707984378775,0.005634519843012447,0.013680565277693138
2020-06-01,0.003744216478364391,0.0,0.021374857361592083,0.003551638495555174,0.0005180443866920326
2020-06-02,0.008177307282398658,0.03505471286826711,0.02682725203131304,0.0006673092775855425,-0.007277016031962099
2020-06-03,0.01355667081256392,0.03440276256634742,0.11254051972320249,0.005690338279647767,-0.016009633407297864
2020-06-04,-0.003374389083608904,-0.0024253114670288274,0.07467100312384628,0.004148682561719183,0.012351241473905206
2020-06-05,0.025874012821635813,0.03690483681463401,0.0975250114498424,0.00902938836116304,-0.025155268002861633
2020-06-08,0.011969656405806002,-0.005332887678155207,-0.022372276572006862,-0.0016199817594840025,0.013098481927345721
2020-06-09,-0.007829743419721978,-0.013632655612864034,-0.06423691587977315,-0.001233028042661829,0.009610330246712897
2020-06-10,-0.005327255735182077,-0.008164026561431696,-0.1028171381351805,0.00235429926666161,-0.0008167458702274134
2020-06-11,-0.06075269299628893,-0.046337399578241165,-0.13582588750347072,0.0029280210908834464,0.010855446283993906
2020-06-12,0.012976286605211731,0.002911869459900154,0.06807361870307237,-0.00683004994336145,-0.0015600795547297869
2020-06-15,0.00827786081817526,-0.005513432804987505,0.004282691673399148,-0.003200658370140185,-0.005218007981163413
2020-06-16,0.018784852866710527,0.03331525238545987,0.07410791757071407,0.007590147436824098,0.005391431183017847
2020-06-17,-0.0036067962326294138,0.007560849533523865,-0.030895677627268796,-0.006374216046632403,-0.00023130821343635084
2020-06-18,0.0005940434038017573,-0.005327519568706261,-0.054673706463168256,-0.002025784015529618,-0.002547715531949515
2020-06-19,-0.005665513565673728,0.005890550952838674,0.004313480319859158,-0.0028415210931360207,0.0121590659502639
2020-06-22,0.006474093296658384,-0.008419966862453993,0.009992901667751776,-0.0029877213296057113,0.006166825249584587
2020-06-23,0.004298169191483789,0.01747310315555126,0.007077163686809172,0.009095057230980143,0.008728248980421311
2020-06-24,-0.0261952655956623,-0.03163027303605151,-0.03589757449552613,0.0028917950091841924,-0.0035613970847807024
2020-06-25,0.01089982772821816,0.007105154829489628,-0.014727792229791474,-0.0054489396656502145,-0.0020976074000182165
2020-06-26,-0.024525204274831163,-0.004589703534951034,-0.05803161959877439,-0.0025620007730021385,0.005884713686692411
2020-06-29,0.01457888811353358,0.008654272708646259,0.0,0.0003367903676439813,0.0012967886103743235
2020-06-30,0.015292349435755562,0.0006340922780068874,0.02637859679292348,0.0018989199031385483,0.010202426588476162
2020-07-01,0.005009563975870565,-0.0017392963077324537,0.043452505680568874,-0.0010005176272754655,-0.011104398270962212
2020-07-02,0.0045309704768169146,0.0279897866952307,-0.019245526256233693,0.0013717322924298595,0.006072237805783904
2020-07-03,0.0,-0.007773966674259298,0.0,-0.001203159527819667,0.0
2020-07-06,0.01575693083216329,0.016751358973207644,0.022173835611307244,0.0008319448626654612,0.0025192455591178196
2020-07-07,-0.010877477869643567,-0.008534740037926867,-0.050985613720820666,0.005820437088329796,0.00873997345987791
2020-07-08,0.007796986263430269,-0.010736134819117487,0.004604798685178159,-0.0033317075936469443,0.006243658695440093
2020-07-09,-0.005659591476194623,-0.007612432168618212,-0.0763486353378143,0.005653583667688177,-0.009018817348082771
2020-07-10,0.010411809774443004,0.010690345764146085,0.04524195819901768,-0.004525481756836082,-0.0005559571095256041
2020-07-13,-0.009406645216058874,0.01618399733247618,0.010997706245693187,0.0019547842241856806,0.0070930414866313
2020-07-14,0.01331730058290395,-0.008577008172025195,-0.039845870688558334,0.003129836355739189,-0.0002209103260360273
2020-07-15,0.009041056936355048,0.016962634187996376,0.024097528503317263,0.005731084189124986,0.00044177186147791053
2020-07-16,-0.0034119152141152374,-0.00381397325988843,-0.02898754800390502,0.0005684764957306626,-0.007035885831272417
2020-07-17,0.0028445625875835605,7.428371711591008e-05,0.02580793606434155,-0.0021988281362380624,0.005323049805576425
2020-07-20,0.008371797255140334,0.006733869574892047,-0.012820714147111884,0.004452839784056593,0.004194021617199042
2020-07-21,0.0016776293345600682,0.005007601125864089,-0.02119070566845257,0.001374087699634121,0.014487856747344773
2020-07-22,0.005730630594473862,-0.010209511887319472,-0.019967326431558654,0.006552908037431887,0.011709267020525905
2020-07-23,-0.012396378412246847,0.00029068757156852247,-0.02209097640352856,0.003003306800597305,0.013322162460929807
2020-07-24,-0.006209640024276134,-0.018211925718329747,0.01195568375708668,0.002362799250454524,0.0043313363665133785
2020-07-27,0.007367928821482373,-0.0024342719422531796,0.03339215135636887,0.004859005509410978,0.017606154822841998
2020-07-28,-0.006494435418646306,0.0002179615796838136,-0.047067606372581006,0.009965846353996966,0.007069694974014618
2020-07-29,0.012351783351742583,-0.0010297671009445479,-0.0034482349828223397,-0.0042983898977795604,0.004514937092596289
2020-07-30,-0.0037573017634548516,-0.028260908532519946,-0.06788317627289821,0.0054524132545194165,-0.005749772517706172
2020-07-31,0.0076412362421762695,-0.010616559267744158,-0.009285108731467873,0.007557730482728887,0.01049918711509946
2020-08-03,0.007155362664358673,0.023032176786507364,0.049145483660408974,-0.007604877620557198,0.0016289716145934227
2020-08-04,0.003605423026133557,0.001848503411351645,-0.08911279675380057,-0.0016128392275391056,0.017745954507515056
2020-08-05,0.006409160435517922,0.004320275541787055,0.05294241543360783,0.004420992329538805,0.01483052996269477
2020-08-06,0.006407126020664802,-0.008600753672950528,-0.01297510234021617,0.004844217313191569,0.009993726704919284
2020-08-07,0.0006328292699566697,0.0037763589082247333,0.04736762233871468,0.0003086983850073394,-0.020386772968585872
2020-08-10,0.0027384652733919213,0.002168203695068467,0.021127589662099707,-0.007925657651976375,0.007088912486168325
2020-08-11,-0.008001055401377298,0.021970550847846434,0.13657552174947277,-0.003822121048824024,-0.04640713846737035
2020-08-12,0.013899502293613534,0.009278161408679365,0.01807281756392265,-0.00010562834554598832,0.001189424227168705
2020-08-13,-0.002049272676156681,-0.006063168872192833,0.06640245830309839,0.004867204375342793,0.011203697670107498
2020-08-14,-0.00017189739627902921,-0.011372149211345502,-0.009824681171266114,0.0019277181561497953,-0.010118971422733294
2020-08-17,0.002706177507423456,0.0002420393030611624,-0.03736061366454714,0.0030415396512393574,0.02447852971429491
2020-08-18,0.0023007404198168474,-0.0049155522159064465,-0.0207107964422864,0.0020169448636142393,0.007228233622483832
2020-08-19,-0.004414123345182018,0.008469590065726505,0.008928604213751109,0.005991819503850231,-0.020566184811920643
2020-08-20,0.0031536547683461333,-0.013241329479734117,-0.047013992054406414,-0.008772937668035469,-0.012793958632575233
2020-08-21,0.0034351999829724668,-0.004355858907749998,-0.006230562476783257,0.002543704941241629,0.0004135698294723892
2020-08-24,0.009993615364903508,0.021844181794984718,0.009331392592630345,-0.006391340754740066,-0.0035730170549382228
2020-08-25,0.003589899745540117,-0.0006094857349666594,0.05423008398104187,-0.00029498449271552575,-0.008282324903757287
2020-08-26,0.010144001344841499,0.008091024566040854,0.007304627636481688,0.00342631292556195,0.015003475387935178
2020-08-27,0.0016716460318091384,-0.007691646675359008,0.08239133112536919,0.0006511822732343915,-0.009890547937341882
2020-08-28,0.006710002849570254,-0.004664061191177396,-0.02305189526650247,-0.0019521980310365427,0.02213049019313123
2020-08-31,-0.002197375175508541,-0.013063240531817193,-0.05064366804610158,0.008308183307316214,0.0015258636993629058
2020-09-01,0.007496831420705943,0.0015480914930682558,-0.03077169898374802,0.0017415756438502092,0.0003048811432237371
2020-09-02,0.01524905014386973,0.018197556140003353,-0.03174864967407767,-0.0013243685869994246,-0.017322181174838722
2020-09-03,-0.0357575941421853,-0.010102494650322162,-0.0455696183591358,-0.006382304050645309,-0.0035215203808738388
2020-09-04,-0.008166280754275102,-0.013292242977948423,0.14769910010174023,-0.0006395501907557035,-0.0019213045878463265
2020-09-07,0.0,0.0162688743649204,0.0,-0.0004498626544599933,0.0
2020-09-08,-0.02814882908646679,-0.014191646097040659,-0.05268121917895179,-0.0010763825397821381,0.004718811695522806
2020-09-09,0.019944760662180386,0.017433152656808282,0.027398964767434284,-0.0043644504422306754,0.006034498194198085
2020-09-10,-0.017741245925395586,-0.003633865158303432,-0.025938062955367054,0.0030650000384235014,0.004873179121465835
2020-09-11,0.0005329301580873496,0.00091725203280799,-0.023634737423374432,0.0015241955964890776,-0.008427543375380205
2020-09-14,0.012661335025022992,0.0002955041647174054,0.002985038337360565,0.0015501619098305707,0.007864507194070882
2020-09-15,0.005205785930499657,0.00465329588557515,0.011852014397003154,0.0023001587836135036,0.0016371176840063052
2020-09-16,-0.0046296468921518345,0.0019727121951677545,0.011713101158351702,-0.0021580365093011983,0.0019915248986203523
2020-09-17,-0.008447949528552457,-0.006692330638132638,-0.004376318281407955,-0.0034643925057169208,-0.010358510867938483
2020-09-18,-0.011245576947828505,-0.00996336474658314,0.014514028821105977,0.003784194404350613,0.006217730605110695
2020-09-21,-0.011638564027297718,-0.038095172331987656,-0.03370282609505283,-0.00022509848153577297,-0.026420463605422984
2020-09-22,0.010463016398376152,0.0010054993745554424,-0.010487031241138686,-0.006566912063439029,-0.00136848046834515
2020-09-23,-0.02400733891437413,0.00503772191163181,0.017910963216567335,-0.005080188782394758,-0.020594023641089643
2020-09-24,0.0029830055546290505,-0.006457758107874994,-0.014903391204323425,-0.0042644570910396855,0.00450621665322058
2020-09-25,0.015850439224188495,-0.0071719888026307846,-0.010566180039178556,0.001259955525634199,-0.005689815487671344
2020-09-28,0.0159821918538544,0.027085459946973183,0.006051468097664766,-0.0032515291017523847,0.008095526135782653
2020-09-29,-0.004824282704443997,-0.002761914424021053,-0.027524684261890548,0.003730263732286211,0.0114147396616161
2020-09-30,0.00821984256837961,-0.006457647751399907,0.048420965261983064,0.005398432735944618,-0.0035962007873952123
2020-10-01,0.0052789495642950775,0.00015028271677675317,0.0,-0.0013611364287141254,0.011012005311720377
2020-10-02,-0.009623812866370861,-0.0009898658104028238,0.02767837907330453,0.0016077063645410661,-0.004306089358559664
2020-10-05,0.017813109002900934,0.009137282170480314,0.09059695604118063,-0.002088376631710885,0.006452168624350489
2020-10-06,-0.014072064387523205,0.004053631505385582,-0.026597366283244703,0.006125130992924238,-0.005978633545181685
2020-10-07,0.017247163770241564,4.0169548723929746e-05,0.0563345298736816,-0.0046590314432261234,-0.009247826747493606
2020-10-08,0.007978212894869286,0.006882266189257151,-0.025807936064341508,0.002538556036391257,0.00265097449388411
2020-10-09,0.008755095180752877,0.005317955911955544,0.012987183462619612,-4.001590303437655e-05,0.016228934538952623
2020-10-12,0.01628253015832422,0.007608950434055155,0.0025773646654792775,0.004226242406377237,0.001561686938946659
2020-10-13,-0.006326891629163268,-0.005756221884659494,-0.06651388834520702,-5.911793222122852e-05,-0.017843559227287458
2020-10-14,-0.0066451720840594065,-0.0018038735738889653,-0.0069013320544692135,-0.006278180816363138,0.006755025244470127
2020-10-15,-0.001528923514213078,-0.02492874594856823,0.012388325374320781,0.00015267773840031283,0.0009987659359625074
2020-10-16,0.00013491045663045577,0.016396365565392906,0.017627590316984843,-0.0031425047396492416,-0.0012617784764216624
2020-10-19,-0.016464663514942676,-0.0009124445980941278,0.022592269865053947,0.0007144627498970919,0.0029417837343790644
2020-10-20,0.0047161953200011274,-0.0045252109685305,0.046221339010882885,0.004544144882610952,0.002095997386936684
2020-10-21,-0.0021981140115702774,-0.014721230284271058,0.023559668841906224,0.005168120008133394,0.007405484259196327
2020-10-22,0.0052053540034913415,-0.0029250267662495675,0.038466287718825265,0.002036803587023197,-0.012285488081525436
2020-10-23,0.003439838320389479,0.008618273678377135,-0.008288939629991046,-0.0032899579374845926,0.000473310949826521
2020-10-26,-0.018764472985322012,-0.029700302472707166,-0.04873073847568993,0.002827654564092691,0.0003679402784737119
2020-10-27,-0.003030205350445511,-0.011221213395867227,-0.02913442537677034,-0.0033001629038455164,0.003200893540376839
2020-10-28,-0.03592554210857772,-0.035488501157039096,0.003848652539485008,-0.0021470612785486148,-0.017226369257346583
2020-10-29,0.01187652493999744,-0.001185099572023207,0.06685652611257496,-0.003012149800032766,-0.0056657245971064325
2020-10-30,-0.012203713445259962,-0.0006150708385458412,0.029500706728363458,-0.005973974709475419,0.006305149837346229
2020-11-02,0.012242950890591667,0.02052017236231946,-0.012873246529051904,-0.0031366510442316082,0.006900605880378817
2020-11-03,0.01764273768407783,0.02588459870176592,0.038132929632968646,5.826095554634443e-05,0.009529133397826345
2020-11-04,0.021807525655091704,0.019921485961758308,-0.13840234714530825,0.010204356761020732,-0.00730987162998074
2020-11-05,0.01927326577670128,0.017090944753578256,0.010362807838284117,-0.002513986342437094,0.026408510349030297
2020-11-06,-0.00028775658537381985,-0.0035858944411292647,0.055151781857367625,0.007206380695062468,0.0025670000104109966
2020-11-09,0.011631974746344153,0.061683524560488374,0.15554345091487368,0.006366183456068054,-0.051069383720258016
2020-11-10,-0.001400775220867666,0.010133669063668438,0.014508024953336867,-0.0055386456714018525,0.011908134809094027
2020-11-11,0.007622728362991461,0.007143363742025366,-0.01450802495333675,-0.000721221293889815,-0.007869248251789697
2020-11-12,-0.01002865154706935,-0.011340879335425406,-0.07926014821859308,-0.0032625230156320003,0.006375091715476151
2020-11-13,0.013518546706294007,0.0011282697581973325,0.008998954120161048,0.0019586090254565085,0.006971252371710459
2020-11-16,0.011580734922832603,0.00989816915727588,0.014452737690662099,0.00354019285936168,0.0008481832770622549
2020-11-17,-0.004803443784647531,0.0006546852509659167,-0.03824992619438287,0.0011970869835477517,-0.001484728408849857
2020-11-18,-0.011631210647481315,0.003939188220110748,0.01140268913693569,0.0003558725515353005,-0.005854194473448053
2020-11-19,0.003938675690732779,-0.00871056615201022,-0.03226092758148002,-0.0013516014389545322,-0.006640641601906184
2020-11-20,-0.006815737372918576,0.00451766609255831,-0.029711010870114223,0.0015888129539179579,0.006160128835431433
2020-11-23,0.005620108181849693,-0.001315912862829892,0.03321776027441104,0.0,-0.018758595831691597
2020-11-24,0.016032458814031775,0.012893540359737717,0.028754178177183183,-0.0020033468877048368,-0.01811942127724579
2020-11-25,-0.0015856747555094064,0.0011168060843965099,-0.0045454714540406616,0.004867342357784169,0.0004984918223985983
2020-11-26,0.0,-0.00027338255316557836,0.0,0.0016364653286423468,0.0
2020-11-27,0.0023941110259011363,0.004787832433228625,-0.04186659422791842,-0.00033608257865220067,-0.013268076746218986
2020-11-30,-0.004606140636972006,-0.010042347254442993,0.0023724498236199227,0.004643726768977662,-0.0034855405676794873
2020-12-01,0.011208140661592923,0.00931923990096587,0.10132398143889046,-0.0027854849009629613,0.02139477962249914
2020-12-02,0.0017895645286042845,-0.0011125775546520097,0.014878062275936563,0.011345699845260208,0.0063739848852561315
2020-12-03,-0.0006243520802942291,-0.0011991245504661854,-0.029980828658182468,0.0033258801250090177,0.006061505333917496
2020-12-04,0.00879746371518688,0.0062836825320757095,0.05189090500763983,0.002559485522245068,-0.0004901159441992974
2020-12-07,-0.001937513438963252,-0.002599941000534604,-0.04323288917972563,-0.0020020007037436782,0.014008950144385123
2020-12-08,0.002783271170170473,-0.001193308150013146,-0.016295836995728032,-0.0006786241721560766,0.00482238504317269
2020-12-09,-0.00798096494847171,0.000892969980259571,0.030207256354059613,-0.00018158890339934348,-0.019539712183873674
2020-12-10,-0.0012859345277717227,-0.001903176532226464,-0.03569875317099938,-0.002660881592207315,-0.0005452265623923936
2020-12-11,-0.0012657980842328352,-0.010407967626290556,-0.01665778184676685,0.005411394685255497,0.0033756623773700503
2020-12-14,-0.0043687882451469585,0.00518467295489202,-0.0011204338546974594,-0.0008971006575492733,-0.0060515914033823295
2020-12-15,0.012838482022218645,0.004993288867555876,0.03416305624107441,0.0012760274826384625,0.012822831309901658
2020-12-16,0.0017712256203230642,0.0060867906800070445,-0.003255522554856595,0.0004447932579340932,0.0020493625621477644
2020-12-17,0.0057411428089832834,0.005031104056447699,0.010810905654593712,0.003718838418115041,0.01661672416851431
2020-12-18,-0.003517296952148704,-0.004258049783162444,0.019169923003589003,0.0051614926845374685,-0.0007951443811694825
2020-12-21,-0.003913928486909485,-0.02775535084428219,-0.007411393471936693,-0.0038064083361426973,-0.003452950477738774
2020-12-22,-0.0020752446917703606,0.01405403626376034,-0.02474575144888179,0.0016994360559735861,-0.006727547309021927
2020-12-23,0.0007455332718186887,0.011872102928978202,0.039513951084028935,-0.004115299835438355,0.004330039505094346
2020-12-24,0.0035303499794869524,0.0,-0.028679618993478675,0.0003900283455694203,0.002769976349498633
2020-12-25,0.0,0.0,0.0,-0.0005485085946641497,0.0
2020-12-28,0.0086847075384115,0.010162161797750287,0.005373526989488874,0.0016708003921992543,-0.0014373179976945852
2020-12-29,-0.002229864827278697,0.0016656111915292083,0.0021413008375854576,0.001502332029679512,0.0013308847368819284
2020-12-30,0.0013406480950792154,-0.002734542094695741,-0.009672298222324778,0.0024109354771881916,0.005993626012460182
2020-12-31,0.006418204711703793,0.0,-0.00976676603980082,0.003824067102786903,0.001109894461065988
2021-01-01,0.0,0.0,0.0,-0.009773517884413802,0.0
2021-01-04,-0.014864762712025787,-0.002017998305954756,0.0,0.005765555261008046,0.026892014283005597
2021-01-05,0.007057631383362026,-0.0046510873539580945,0.04060385542852993,7.356226640494462e-05,0.0041053068384807835
2021-01-06,0.005693603382474094,0.017665104472798187,0.08718595239188719,0.003965123188171507,-0.02373410559741736
2021-01-07,0.014738260107752971,0.0031353709932236714,0.0274507763513421,0.0033142610483495433,0.002827831959051613
2021-01-08,0.00547683739351537,0.006227806977629031,0.03125257946467447,-0.005660827653219173,-0.04175284695685227
2021-01-11,-0.006576327616621317,-0.006724781925948252,0.024140600591210044,-0.0069703961647830355,0.008415501632621867
2021-01-12,0.000415702030569564,-0.0023477206525043272,0.005286392938459205,-0.002095021317432315,-0.003628955192789631
2021-01-13,0.0022730563867261076,0.001211881503101873,-0.04493114298129798,0.003955158044529991,0.005789249861382061
2021-01-14,-0.003760513068743101,0.006850541538443722,0.03699103677417977,-0.0038080283932926044,-0.001781866470034287
2021-01-15,-0.007216000798278504,-0.011551165432514809,-0.028753055652204457,-0.0009239134183000088,-0.011414407787474065
2021-01-18,0.0,0.0008663643306397995,0.0,-0.006866108748783546,0.0
2021-01-19,0.008103457635761657,-0.0020144239955396264,-0.004568299591797667,0.0007605172831768469,0.005560388855331254
2021-01-20,0.013839417376510862,0.007928644877053168,-0.0018331574457166903,0.005085373313111707,0.014249727942710165
2021-01-21,0.00031667316131354906,-0.0015712886131562835,0.01728095226662167,-0.0019161371485265039,-0.0003215992599331132
2021-01-22,-0.0030151526629377105,-0.004415106282172152,-0.01636400811858331,0.004172884115166977,-0.0051599671898233754
2021-01-25,0.0036093175130174657,-0.013771352180007483,-0.04787399453816079,0.00025913209312755636,-0.00043115764322087933
2021-01-26,-0.001489943161153501,0.01110852518383248,0.0,-0.0019087660606736155,-0.002266879894457694
2021-01-27,-0.02601331512610035,-0.01583664260764582,-0.02531771393356928,0.0013782815622589177,-0.003138830803113128
2021-01-28,0.009713298778760395,0.005825177389394374,0.04153178314475985,-0.004773378169334243,-0.0038014599418898284
2021-01-29,-0.019500377654792,-0.02148276484562079,0.03349151324386964,0.0012354407583351585,0.005101511241647846
2021-02-01,0.015924300234678626,0.014092678347553863,-0.014746840388004362,0.0003151851458534282,0.007281389008044573
2021-02-02,0.013802528814310624,0.01674165429866707,0.025665933690234434,-0.00456032922487926,-0.01641737544450263
2021-02-03,0.0010082606153447803,0.005358200752215759,0.02325688200458114,-0.0024589779925830125,0.0009282503708198232
2021-02-04,0.010794847643921975,0.008927443998208651,0.0070485013044168515,0.000276917273947226,-0.023916484486413037
2021-02-05,0.003889919607763825,0.0037407848036864985,0.026852976590094974,-0.006302406474781382,0.012223053284327792
2021-02-08,0.007372107476289037,0.002660735811661241,-0.008583735786265919,0.006832463888964413,0.011529720189568878
2021-02-09,-0.0011141454217211749,-0.001195671559999039,-0.0025895751151691635,0.0004001279473606964,0.0018542895508146806
2021-02-10,-0.0003452445223915674,-0.0034912862947709916,-0.020961404873255138,0.005493380213142898,0.0028836096711605716
2021-02-11,0.0016610748145877074,0.006368779745326779,0.021825376207187407,0.0001006147186412552,-0.008566387767498658
2021-02-12,0.004699970926162608,0.0064963534254687625,0.035627223968003864,0.0008488716587742157,-0.0018099820260786762
2021-02-15,0.0,0.010387934674398514,0.0,-0.0007761953783182415,0.0
2021-02-16,-0.0005694345154154666,-0.0020909985318260374,0.07927316024624817,0.0008330887385099504,-0.01348535131998669
2021-02-17,-0.0003204533489169501,-0.007150289258846604,0.0015384420207045836,-0.003278756967448048,-0.014629062349107949
2021-02-18,-0.004425614227243303,-0.005096973120511829,-0.010819316125700418,-0.0036849485827756168,0.0012978130348198413
2021-02-19,-0.0018566190956649255,0.008768714478690548,0.04408015165371227,0.003636543984999715,0.0013524313819186311
2021-02-22,-0.007762892893710863,-0.00367174135817862,0.018416708995248374,0.0028456766837020647,0.017250896659106188
2021-02-23,0.0012555296115265332,-0.0029097523465603497,-0.005856543995693047,0.003329382255763756,-0.0012738096892075683
2021-02-24,0.011287667670985945,0.004567874561459367,0.019629906329327495,-0.001204987918721342,-0.004443464260402694
2021-02-25,-0.02478339442417185,-0.005603912475238808,0.08880957771691461,0.001580961359324078,-0.012322324448977169
2021-02-26,-0.004761532293798778,-0.013341349440033632,-0.03895722152283762,-0.0009002015062182222,-0.02643982642289971
2021-03-01,0.02351217322569352,0.019115276780619618,-0.009635351961777327,-0.005844176882910137,-0.0032458010444414774
2021-03-02,-0.00811367873950876,0.0002966827824606962,-0.02167160575032164,-0.0031866658408165566,0.006134974480583479
2021-03-03,-0.01315233589480116,0.0013638055058405288,0.03813291611717661,0.002848097048624638,-0.01032367748638774
2021-03-04,-0.013508038064390469,-0.0021381315935002287,0.0529924799140812,-0.0028842034545033873,-0.008842158417799017
2021-03-05,0.019308356338709188,-0.009576474201244746,0.0025773646654792775,-0.00690519775863099,-0.0012947745929176705
2021-03-08,-0.005373643224025429,0.025213961626020392,0.026668206707816607,-0.0035242896042219775,-0.012027309199143453
2021-03-09,0.014055400743930569,0.006042986264903889,-0.03182951890807008,-0.006217744884170941,0.022921797389633937
2021-03-10,0.006012203770988197,0.008906187391586502,-0.016960630322854244,0.0038901553143102156,0.002850427716795303
2021-03-11,0.010341825500657608,0.006710551569102259,0.004594671450517154,0.0023633748120306186,0.00046463141365605257
2021-03-12,0.0010148833275308508,-0.003198279886374693,0.06833780475599051,0.005021504926535071,-0.0016270843199136934
2021-03-15,0.006470939539413048,-0.0009186814096207207,-0.017273715915121453,-0.0030159811771838406,0.005451831359562948
2021-03-16,-0.0015709169785959108,0.00549940791084351,0.008674191921846831,-0.002029413754968581,0.000982772833472422
2021-03-17,0.0028752446501592592,-0.0003168467077191926,0.012262557344130428,-0.0020252271693676203,-0.0021981421073807767
2021-03-18,-0.014870560065947797,0.00461304509522379,0.05281558766762189,0.006794990677772875,0.003122235750465632
2021-03-19,-0.0006028856737550234,-0.007922627363297977,0.0011553867510773763,-0.005401606379240153,0.0052971527058642155
2021-03-22,0.007000556898342752,-0.000829093942074252,-0.028104881404727902,-0.0029514157086691552,-0.002069427911533476
2021-03-23,-0.007660118119334028,-0.0017804972458639104,-0.02769593246367087,0.004191626170597192,-0.007566879516500325
2021-03-24,-0.00548233660034883,0.0014439531744899776,-0.014760445613920785,-0.0078093163477120295,0.004743225748486408
2021-03-25,0.005226583432729291,5.223540125709177e-06,0.0,-0.002294449520728023,-0.004627227810274516
2021-03-26,0.016494418658716575,0.008860625761391398,0.02810203545727887,-0.0030901862514860034,0.004223156783957694
2021-03-29,-0.0008683896263867381,0.004178361066081155,0.036087909478118047,0.0009661342348527806,-0.011671575757386563
2021-03-30,-0.0031628294096500294,0.011097423454192129,0.0029010727430043275,-0.0014430194363622135,-0.01660812683626846
2021-03-31,0.003615953592419885,-0.0017819316421399645,0.011520922430508935,-0.004035176121666364,0.017600609611377438
2021-04-01,0.011755830427674127,0.006802167889068095,-0.03912909688905928,0.00044567955889988594,0.0073830821038836664
2021-04-02,0.0,0.0,0.0,0.004348963077613154,0.0
2021-04-05,0.0143349877622439,0.0,0.024125917435783167,-0.0010007294698471864,0.00028956131663167214
2021-04-06,-0.0009740049407969285,0.006179602075248798,-0.03791924055423248,0.00430470340840242,0.008361011659377205
2021-04-07,0.0014741456981068137,-0.0034438220694072365,-0.0018132497969026438,0.004667518332491089,-0.000804242014787378
2021-04-08,0.004211750940591775,0.005308423307901534,-0.012785579265662048,-4.7487154005886665e-05,0.009551431317729613
2021-04-09,0.007690288135687276,0.0002538775015115307,0.02061931105413433,0.0035326838721787264,-0.007714103350808669
2021-04-12,-0.0001960980747395339,-0.004266658086396459,0.005387587912586333,-0.001274171563053901,-0.0069651153108131235
2021-04-13,0.0032890718770625686,0.001283934739624809,-0.03153683241149329,0.0011907313782124399,0.008627188966826281
2021-04-14,-0.004096104320730151,0.002339097947176495,0.009199688019856793,0.00330576270865255,-0.006492181509603616
2021-04-15,0.011033101401119478,0.0043037774020356955,-0.06820827571265517,0.00266938663461784,0.01742751851072938
2021-04-16,0.0036023233905179666,0.00985754030302295,0.027716878269978745,-0.001197872792266197,0.007674101250506838
2021-04-19,-0.005320689893757947,-0.0032485414661750423,0.01764380866036932,-0.0001915020593817065,-0.005410888818616735
2021-04-20,-0.006825561005077803,-0.019962034605986306,-0.024661329016917838,0.006315822590865152,0.004454866391931009
2021-04-21,0.009263020919853236,0.009081922236427021,0.0012795742122698047,-0.0010714026456539285,0.00840435224167868
2021-04-22,-0.009253337860554323,0.009608165032316617,-0.006414383997600953,0.0004452368864991329,-0.006212471446331363
2021-04-23,0.01086940989553096,-0.00036371087916536323,0.008330718624697636,-0.0019122059613187559,-0.002360717879845413
2021-04-26,0.001780684564582624,0.001864534170800144,0.001912669311545156,0.006231051392350071,0.001237248457746213
2021-04-27,-0.0002149189814442344,-0.002220953172423805,0.0325842899888688,-0.0006768412074528475,-0.0006746605385477973
2021-04-28,-0.0008458975873960478,0.0007774114089348322,-0.001233790570325756,0.0007143095577937462,-0.00270334073967916
2021-04-29,0.0067400415367024095,-0.004525790428545095,0.012270080925744102,0.00376599054132821,-0.002880286458205009
2021-04-30,-0.0072207134171198275,-0.005559701514047605,-0.005502883747027588,-0.0007279412418516312,-0.00045252405155806857
2021-05-03,0.002744321649512167,0.006397524461754053,-0.014824266765223719,-0.008224575158544535,0.013544464845169118
2021-05-04,-0.0067007374898472305,-0.019041452203838707,-0.009377990386700272,0.002782257454785237,-0.00874639757494062
2021-05-05,0.0007032164471135163,0.019676220775629163,-0.005037804240894505,-0.003840141391094418,0.004663019601775825
2021-05-06,0.008132299498632055,-0.0008372910701501878,-0.014626653160653752,-0.000588627419968323,0.017446839157978355
2021-05-07,0.007346291419186351,0.008666074170837321,0.010197687076935318,0.00503198317631046,0.00855595396027406
2021-05-10,-0.010490480503138024,-0.002705497632130778,0.0157285255656513,0.008459516107695119,0.003489086272326999
2021-05-11,-0.008711750141781542,-0.019397285602536767,0.013639365509266886,-0.0024798007411299186,-0.0008711143226879709
2021-05-12,-0.021682782358302413,0.0003470893260958474,0.04279055881276777,0.00029383327808949253,-0.007270798097461572
2021-05-13,0.012099644578094055,0.0,-0.016057478132491858,-0.005448904780958964,0.00065822360546342
2021-05-14,0.014807778563623631,0.017580152341548114,-0.01998249512875927,-0.00010027954906686701,0.00770136548279548
2021-05-17,-0.002533258183961915,-0.0026419466026611667,0.0030534345971298476,0.0060326971844055525,0.01597700925187108
2021-05-18,-0.0085537723840327,-0.0003744299265906946,0.0012187535231417094,0.0005347615740200223,0.00016065581069687392
2021-05-19,-0.002947751811378411,-0.017275525574911944,0.02466290987255442,0.00550632825897061,0.007201759353874979
2021-05-20,0.01049942933450842,0.01591887172547376,-0.029546934506358556,-0.004192610282990834,0.00026573834868414716
2021-05-21,-0.0007841880752528091,0.00644684929948013,-0.0012247241603950954,0.00430631296814461,-0.0027139022410788334
2021-05-24,0.009862497481216075,0.0,-0.014815042176240576,-0.0034538002924195703,0.004200694538999877
2021-05-25,-0.002127545400828599,0.0025453347303571435,-0.027744546835630723,0.002573974062547223,0.007137789140429843
2021-05-26,0.0018750575506104544,-0.0010833601198065451,0.006373501770556268,0.002817025025208322,0.001684515438402536
2021-05-27,0.001164636089862995,0.0018684558228056088,0.02261403728043231,-0.004623097322663015,-0.002949750706768753
2021-05-28,0.000768586452887337,0.007731477895236448,-0.01817664835369763,4.868920925875243e-05,0.0035806730456278716
2021-05-31,0.0,-0.007669586518933932,0.0,-0.00025598707258409764,0.0
2021-06-01,-0.0004924547586291649,0.0079618724687831,0.02127742305188558,0.003504687261543158,0.00021024040204428116
2021-06-02,0.0014458890369002922,0.004105272148361864,-0.014972237800219603,-0.0012347715654755192,0.002414433020726898
2021-06-03,-0.003635303056049319,-0.0022674604588611836,0.02114509100219656,-0.0006473941004048983,-0.019213573983194728
2021-06-04,0.008795303383016323,0.002482646504267618,-0.040822031200037155,-0.006314430298984803,0.00989111901082882
2021-06-07,-0.0007970562694215079,0.0020202741558579774,0.005752692816170061,0.0029137387666372154,0.0036972523073180667
2021-06-08,0.00017500954944121158,-0.00040034290100371774,-0.026478788525902082,0.002070721242316343,-0.002428134028169905
2021-06-09,-0.0018255325906156837,0.0002051376560126059,-0.025854960148769337,-0.001705667883123736,0.0005283457753793965
2021-06-10,0.004641454776462911,-0.00019047505585296395,-0.020353465065357262,0.0007514316319798007,0.0005280667735240403
2021-06-11,0.0019465389328083601,0.0074501689088069855,0.0020541061497858577,-0.0007757186750589432,-0.008908706107218346
2021-06-14,0.0018135563851361702,0.0014455648596336352,0.026326213976339486,-0.005135737081496744,-0.007163137661542878
2021-06-15,-0.00201371995427588,0.0026220045574556518,-0.0013333958376139782,0.0009934254397854871,-0.005109598315890978
2021-06-16,-0.005404703747026491,0.0019866114265190207,0.04564028945151721,0.00040016097426804237,0.0026925164354793135
2021-06-17,-0.00043581054367264766,0.0015356075097224917,-0.037666769492209366,-0.010903186645947914,-0.04718346889536021
2021-06-18,-0.013211355687284158,-0.018145235209584772,-0.0412081185878205,-0.0068737695746302375,-0.003331750148147224
2021-06-21,0.013905163512319857,0.0070671402759360505,0.023177533577703597,-0.003342081870940971,0.007831701368745038
2021-06-22,0.005111406378990611,0.0026227583959096226,-0.008119100645193111,0.0032705342094358175,-0.00309153999585223
2021-06-23,-0.0010838705186495853,-0.011511174682132195,0.010138637531609781,0.002027168217937988,0.003372115731426366
2021-06-24,0.005794429545916893,0.011341457397203646,0.0,-0.000298348979723606,-0.0037663122158099844
2021-06-25,0.003325063164687565,-0.0004294553346275579,0.03242098363590036,-0.00023858341510851012,0.0005630313834598243
2021-06-28,0.0023122888604717494,-0.00749043919215761,-0.03849179056522966,0.0009907275906234155,0.0016871946194519283
2021-06-29,0.0002772977426878152,0.004294005004110776,0.0013522478109196537,-0.0011100406473405179,-0.009485124546020829
2021-06-30,0.0013272784229071918,-0.010575409973865694,-0.025317849290350292,-0.0022639479292535175,0.004527967765016482
2021-07-01,0.005208041432254744,0.0035833277785238147,0.02531784929035029,-0.0038013635275336794,0.0028759009759461445
2021-07-02,0.007472095894691671,0.0013279515005302019,-0.033668604087834945,-0.0008888767430041129,0.0037656085928761485
2021-07-05,0.0,0.0007489423645959102,0.0,0.0008414202119710983,0.0
2021-07-06,-0.0020239027700217787,-0.008525856222526303,-0.04356275325508263,0.0006404732242418524,0.006096058971480818
2021-07-07,0.0033533465536629346,0.006360732675728654,-0.03642173294101466,-0.0033164595271548305,0.0044506332158106765
2021-07-08,-0.008597881009556396,-0.02152947409732643,-0.025298392323015093,-0.002635657052069856,-0.001055246787513598
2021-07-09,0.011214825902413766,0.018966460977504426,0.0514485320768559,0.004619447070696502,0.005762440859237031
2021-07-12,0.0034452326955940497,0.006197382568547556,0.005149028469416694,0.0021040698794469346,-0.0024892835423589803
2021-07-13,-0.0035230111811655838,0.00028827172594539716,0.0374413255333697,-0.0006528392208572587,0.0021577503670339305
2021-07-14,0.0011642565654693257,0.001205737319326581,-0.04259035400278626,-0.007600298375475396,0.008201066475030334
2021-07-15,-0.0032675735627459117,-0.010571626023681339,-0.04448520582861674,0.004910529098378265,0.0022449022507048935
2021-07-16,-0.007567415006813217,-0.005096270439300237,0.0023102834829027436,-0.0018206213531582575,-0.007631333157156481
2021-07-19,-0.015996781399983978,-0.02693180102658552,-0.09600269541756923,0.00018548069676449624,-0.003201619485910015
2021-07-20,0.0150488060047999,0.007054060117370904,0.02343203216320321,-0.0017080651561058448,0.0012156445618103438
2021-07-21,0.008208041662144044,0.017622820432846287,0.05706649104644076,-0.0008252343591270102,-0.0044274796393197775
2021-07-22,0.0020146392092429753,0.008006770000593548,-0.01178794470869139,0.0007308234638374334,0.0011640986772757504
2021-07-23,0.010094332386254415,0.012255082077258093,0.01646452532648168,-0.0016966692097776699,-0.00199643786451196
2021-07-26,0.0023793669227295928,-0.0015856066940379417,-0.007806433337528223,5.893086054934966e-05,-0.001499999314886413
2021-07-27,-0.004723583382178003,-0.009246502571741444,-0.033469303653128,0.0029122406895440082,0.0004446939315025321
2021-07-28,-0.000186279231552706,0.00935373186741153,0.02164418727094609,0.0012997004508067118,0.0
2021-07-29,0.004197331845272641,0.0033432072555064614,0.006324144339304317,0.0019290801555133712,0.017462614454720644
2021-07-30,-0.005420713608261166,-0.006695061846504872,-0.023924658188967583,0.003963210978191812,-0.010209197822209233
2021-08-02,-0.001844505670060361,0.006658648572925727,-0.053887830101740704,-0.0021847985485023355,0.0030297211452917027
2021-08-03,0.008169961338918062,0.00032304736885854974,0.0017021061390276313,0.0006409929936695579,-0.004409907432068376
2021-08-04,-0.004643150661295458,0.006523125138287258,0.006779700683816973,-0.0004392010828315455,0.00022097134087597074
2021-08-05,0.005987485990419113,0.0038960354554165226,0.02749027092510317,-0.0027026069039768293,-0.0029870718363273446
2021-08-06,0.0016738645485288822,0.003229507210477722,0.05825336852787594,-0.00014200501231056276,-0.02530216933717106
2021-08-09,-0.0009403502649549345,0.0006249904832468571,0.020714257855027483,-0.00731143358773178,-0.021014711060311712
2021-08-10,0.0009921869538634502,0.0025510977350845245,0.01880459757727172,-0.000939444477304895,0.0031284564647309984
2021-08-11,0.0012749307180154837,0.004410281952199471,-0.009734267373826098,-0.001290369832655863,0.012416792738750166
2021-08-12,0.00413780773547866,0.004743470537234269,0.028191769021170234,0.0015827021925636149,-0.0008001511567647293
2021-08-13,0.0016060163209228441,0.0007970920767684092,-0.05256460157712079,-0.00048022563504941196,0.014868869094078072
2021-08-16,0.0026174222619943593,-0.006465819693752334,-0.03132603897480128,0.0049650586518873285,0.006569223434738159
2021-08-17,-0.007085743507137991,-0.0014383034362193397,0.0007952658357345615,-0.0012495051770467507,-0.0010638733336789578
2021-08-18,-0.01080665284525433,-0.0016647107204801103,0.011853149907839996,-0.00597801915977613,-0.0019065919740294643
2021-08-19,0.001255903256156918,-0.015566576068673323,-0.024653350615805678,-0.0005501958639484956,-0.0007861331433283399
2021-08-20,0.00810860389074176,0.00551003826785787,0.01438874293676905,-0.0022842612773609403,0.0004493141932800512
2021-08-23,0.008487667984412181,0.006948658447008732,-0.003976144610294895,0.0017928718657227044,0.012387832917253414
2021-08-24,0.0014946188019620721,0.00039742803802780195,0.02750662001803569,0.004008621033643521,0.0013300957751090471
2021-08-25,0.00221765740325088,0.0007273516904715072,0.03951885543229918,0.0007284170260269493,-0.00968343298654714
2021-08-26,-0.0058419498276026565,-0.0026942928897711067,0.0,0.0018114856517436977,0.0022343882098449877
2021-08-27,0.008769071540452218,0.0050497037722857605,-0.022608326091021265,-0.0015294540875912131,0.013522720423364637
2021-08-30,0.0042973241068746,0.001864131522752661,-0.0207940257719438,0.0036169593109244688,-0.004192402233391229
2021-08-31,-0.0013500269158932096,-0.0005692885617292234,0.014677786491095381,-0.00017813762365744638,0.003311261303656005
2021-09-01,0.00031164006095334113,0.007326964152231548,-0.0015348999178361302,0.0011331536380010299,-0.0010473937325582944
2021-09-02,0.002838605754404257,0.0011419475878169407,-0.006163360019256707,0.0025898130775567313,-0.0024297457991779466
2021-09-03,-0.0003350872611813474,-0.0071425087164494905,0.02140754270272494,0.0030001647486994007,0.012199334385803619
2021-09-06,0.0,0.010452114139945888,0.0,0.0007960521693053499,0.0
2021-09-07,-0.0034013524523203464,-0.004986380068055215,0.03566498169225158,-0.0009148019282187784,-0.019301359933995132
2021-09-08,-0.001319436813816666,-0.011392399764555482,-0.026628802261249338,-0.002656530503864459,-0.002899725043928858
2021-09-09,-0.004616247150002522,-9.585304652637128e-06,-0.026587184282715545,-0.002068043422056589,0.0037346122321662177
2021-09-10,-0.0077525522862761,-0.001619598568728917,0.03182081836508138,0.0005769633095642835,-0.00434907227353077
2021-09-13,0.002273900346369644,0.004588515964433248,-0.012758116906599084,-0.0011819121036024795,0.0013401970011455836
2021-09-14,-0.005763213966258604,0.0005106993843540417,-0.036143920018749234,0.0,0.007062031376286556
2021-09-15,0.008438294222079725,-0.010969675911809595,0.020922940646347987,-0.0005904704860357741,-0.0068388283782960125
2021-09-16,-0.0015523447127638308,0.005755360372160161,0.0204940383384626,0.0012710625809980738,-0.021314620752901005
2021-09-17,-0.0091526302757993,-0.009404150070894249,0.028880226119420968,-0.004453323350837845,-0.002968010838533277
2021-09-20,-0.017123077726381844,-0.021337963876362002,-0.045547244736005035,-0.0031955703633193186,0.007063155449170932
2021-09-21,-0.0008126886585469564,0.013236640525060088,0.011393959650522471,2.3374235536573305e-05,0.008027603161512306
2021-09-22,0.009474585224220084,0.01277468726278855,0.009022591181528528,-0.0006215340073654814,0.0003940390072630704
2021-09-23,0.012061680369935969,0.010720148583008635,0.05390963130066712,-0.003008212978931102,-0.01645707372556822
2021-09-24,0.0014599428113642636,-0.008717470115181269,0.0348467811309983,0.004486492911866468,0.0011437069101939464
2021-09-27,-0.002780243920187674,0.0016747297114693403,0.01630466104719919,-0.0014664840661052921,0.00017147117355570008
2021-09-28,-0.020574317739894057,-0.025939202570461388,0.03313760553889648,-0.0022424937349731,-0.008147357577374788
2021-09-29,0.0015679543362838073,0.005258593533135666,0.004552833473379516,-0.0008944087511727837,-0.008272426561606493
2021-09-30,-0.011981202945014901,-0.007908187415758456,-0.007817606269544803,-0.007277304997338633,0.01944380650125953
2021-10-01,0.011425952113334161,-0.0031620534342493255,-0.03324779060907232,-0.0023408694678413076,0.0009679989072590911
2021-10-04,-0.013070952048643704,-0.009684224367527042,0.0013513341958860854,0.0028282082737945743,0.005222509201740211
2021-10-05,0.010469517498601526,0.017123065515139098,0.03189645641318635,0.0009638080038769708,-0.0037438217890526193
2021-10-06,0.004094399349624824,-0.013067655050492955,-0.003275466459486492,-0.0019267982057976168,0.0005113629953223071
2021-10-07,0.008264039225065405,0.021130128953167356,0.03037385734669842,-0.0035190085597075326,-0.001477930901064451
2021-10-08,-0.0019155566024214522,-0.006130939240247552,0.021411421940320634,0.0003814266910217661,-0.0009105774646536376
2021-10-11,-0.006889441644339833,-0.00018905904458978444,0.005591778337810566,0.0005434209268923678,-0.000968454449423833
2021-10-12,-0.0024197056865549256,-0.004289073449772093,-0.02129067260309647,-0.0010635092731745039,0.00210656414060376
2021-10-13,0.0030179558702319183,0.006927690371244555,-0.019815296758308995,-0.0017084358360839192,0.019933037412385866
2021-10-14,0.016919162285711567,0.015981222496644895,-0.01955731867004103,0.005667679663200196,0.0016711234290114187
2021-10-15,0.007432520637190081,0.008125397240033753,0.03683771693034626,-0.0006956887472967136,-0.01655527628627928
2021-10-18,0.0033690878018038262,-0.007561610697362833,0.005063312271148596,0.0004753248849683281,-0.001358948308654003
2021-10-19,0.007366142784235753,0.0037099703941183668,0.03168951054271613,0.0014506924609902151,0.0027726159189181846
2021-10-20,0.003657333598560689,0.0012806918047378827,0.0006114623984987851,0.0015574351739559725,0.008104059610460861
2021-10-21,0.002991393168360022,-0.003948165312869429,0.024155740576028324,0.0019794696195469387,-0.0016268056619152453
2021-10-22,-0.0010731292246643565,0.007928597924339965,-0.012609009948994818,-0.0025492392462915913,0.00799626763164088
2021-10-25,0.004736959440853509,-0.00011937276620105813,-0.012158193025532062,0.0012679558513762864,0.005830920310793144
2021-10-26,0.0018181414322441137,0.00847816969788391,-0.009834149739112877,-0.002441424235212492,-0.0073916189533362806
2021-10-27,-0.0050643703711055294,-0.0007318856186812082,-0.057194693138994966,-0.0011605601944853995,0.0028964946878651475
2021-10-28,0.009781288424184026,0.0030728867433887593,0.02518694013691895,0.00016238277643621524,0.0020558146825891866
2021-10-29,0.0019474372317175562,0.003934256653240128,-0.007039976585470109,0.00717141021851913,-0.0103778065309083
2021-11-01,0.0017984589459023885,0.0070121140934773386,0.01149438336328384,-0.010922804040502254,0.006763378213492534
2021-11-02,0.003673607120388547,0.003672749490854449,-0.01664572511079464,0.003705045477995642,-0.003571645375540873
2021-11-03,0.00644049461289024,0.0031117647270198037,0.019182155415434193,-0.0017384315163677048,-0.014131911060620329
2021-11-04,0.004173222342817036,0.005491190137843426,-0.035453243678858666,0.0031313349393210293,0.01653303396466099
2021-11-05,0.003725850045284445,0.006830499860015722,-0.04770813937707534,-0.005213485594809396,0.012966339059569584
2021-11-08,0.0008873940607025194,-0.0024118351899022,0.02983274162056066,0.0011677502279925879,0.006037671259816749
2021-11-09,-0.0035049109264001276,-0.0018166630987567988,-0.04439099424691552,0.0019571431965666247,0.0015310188776383894
2021-11-10,-0.008259842163861058,0.000963930745993469,0.08561368740634173,0.00034775066237484683,0.009462262540359543
2021-11-11,0.0005507883329889288,0.002108733008933361,0.0,-0.009497879778277242,0.00840792702102006
2021-11-12,0.007196697564130407,0.002825302484332335,0.014004095614707172,-0.003062046147157758,0.0025194048720461265
2021-11-15,-1.0739878017001878e-05,0.0036224163454202755,0.02558642420127515,-0.0008012042758382873,-0.0009641397790913792
2021-11-16,0.0038577790571266367,0.0034822178603309216,0.006754657605167728,-0.006591516828806556,-0.006720997509486058
2021-11-17,-0.0026050154828958787,-0.00015454500754699143,-0.01853046980073259,-0.003993008800771305,0.008648283108735479
2021-11-18,0.0033790647401719144,-0.003895467003411817,-0.00939561304991923,0.0,-0.004663986413490948
2021-11-19,-0.001399644604988097,-0.006231015481950056,-0.03392323573433763,0.0041634209432113425,-0.005279926579310966
2021-11-22,-0.003202258316960725,-0.004089699994065324,0.05632617236387648,-0.008185652960956939,-0.02471959608600904
2021-11-23,0.001655761383195201,-0.012727351863251227,0.025517821168185507,-0.0029835852011364673,-0.012536729177984571
2021-11-24,0.0022912237766672798,-0.0017686365526087477,-0.013285264327375696,0.00024735570464710834,0.0003363468974658657
2021-11-25,0.0,0.003965289923323015,0.0,-0.0037376312485883747,0.0
2021-11-26,-0.022987011159321162,-0.048599452834340355,-0.10434785025315,0.0005939027964335268,0.0006724229725988722
2021-11-29,0.013113836082824229,0.004861448558505065,0.031875194335486905,0.007425897335294688,-0.00168180324307445
2021-11-30,-0.019143381187850562,-0.011367344226282272,-0.058543465331683475,2.2589292359688217e-05,-0.0048933268890934195
2021-12-01,-0.011885541457955926,0.028171454477725552,-0.006256498555017881,0.00325785330087555,0.00450045770286688
2021-12-02,0.014094638396057768,-0.017166687850556257,0.009715509531864602,-0.0009513667903637022,-0.011800393739534874
2021-12-03,-0.00848445514173865,-0.00680743684638042,-0.07527730433278608,-0.0011765121921122,0.012024899530579426
2021-12-06,0.011662599309686139,0.013863714883120437,0.06556179480092132,-0.00012442344773816848,-0.0025284463533586377
2021-12-07,0.020495603186252546,0.0330673670332634,0.03157434784536822,-0.0016039171174724173,0.0028650763234604835
2021-12-08,0.003080535586585806,-0.010132624510208119,0.019405041834731684,-0.0009025026753298797,0.0004487093895392277
2021-12-09,-0.007206988232523656,-0.005873466659242222,-0.01468648271632216,0.00610790387659828,-0.004946636746660119
2021-12-10,0.009503769118209724,-0.0021741767621274444,0.0013440689412382281,-0.0046183295368528,0.004666234090444804
2021-12-13,-0.009178158342793815,-0.0038462782288914057,-0.044634898320785474,0.0016389133221552789,0.001905203055442121
2021-12-14,-0.0074987228546236715,-0.009253753935480056,0.009783403695070341,-0.0023388985305647886,-0.008940945262643642
2021-12-15,0.016216267351890877,0.003653680163768734,0.01723592835599222,-0.0021418552396564616,-0.00441554571258348
2021-12-16,-0.008781863311112446,0.010091501688983899,-0.028424795527567475,0.0026159220068292816,0.019105998391674383
2021-12-17,-0.01034096458405368,-0.00969012785844995,-0.014164613685132018,0.0038349515063402,0.003999601595126616
2021-12-20,-0.01145339832325659,-0.013115105110743649,0.012052665771488297,-0.008026219874793841,-0.0056150794682417494
2021-12-21,0.017621755385195486,0.016387560012561517,0.046808240769695975,0.0030177831235175586,-0.0032387379200195265
2021-12-22,0.010128728029127596,0.010026197453690829,-0.020381120787018498,0.0008913322339793929,0.007633384981113343
2021-12-23,0.006204412685251626,0.011505553151459767,0.024408000002588325,0.0036525342506323407,0.005314436655823481
2021-12-24,0.0,0.0,0.0,-0.00013596128702198155,0.0
2021-12-27,0.013744051573605864,0.0051719851902579045,-0.008070039772441756,-0.0002717675050997526,-0.001713025395370446
2021-12-28,-0.0010106653988873737,0.005569885451314773,0.0,0.0005096876276717915,0.0011607527646842581
2021-12-29,0.0014009134018576786,-0.006304744258163719,0.04101106303080123,-0.0013473476208362394,-0.0028213310498173137
2021-12-30,-0.002994233841904309,0.0049447181579525944,-0.018313132736840987,0.0040020855569774935,0.004201441162821637
2021-12-31,-0.0026296343734744394,0.0,-0.001982175098939814,-0.003096529393978275,0.00813149309174338
2022-01-03,0.006353824170388397,0.0059621220751146,0.07391902604776653,0.004267353279425453,-0.015495623073024625
2022-01-04,-0.0006298202522032699,0.008230528702327126,0.0242730131772662,-0.006281143232397632,0.00808106212417286
2022-01-05,-0.019583264304501073,0.005600569243042244,0.021939842260664207,-0.0016487567784744634,0.005826419855790741
2022-01-06,-0.0009642337401809882,-0.015450612063914106,0.016288897940406215,0.0026438305657729066,-0.019871699829780518
2022-01-07,-0.004058441082336512,-0.004398285820114605,0.021690340570870277,-0.0014697139139755349,0.0046295360824668225
2022-01-10,-0.0014420705375388979,-0.015519876616007278,0.0050689738137851045,0.005039876404767347,0.0007787864912479449
2022-01-11,0.009118286452399373,0.009862707188895932,-0.019285861318339044,-0.0020756708987675625,0.011169566592358682
2022-01-12,0.0028137920146670695,0.008106669349565708,-0.012100422607802053,0.003177601119399733,0.004717752871602087
2022-01-13,-0.014346029234400533,-0.00011358153475115951,-0.00814908946025344,0.006591516828806482,-0.0032891160891035777
2022-01-14,0.0008196442695905652,-0.010179292289741333,0.03503085204347895,0.0013509382484209274,-0.0025840249884074937
2022-01-17,0.0,0.006986042489366256,0.0,-0.004059033506041168,0.0
2022-01-18,-0.0185591053980085,-0.010355354172888813,0.05115223132139853,-1.1387453022310162e-05,-0.002314788905823573
2022-01-19,-0.009736790941460195,0.002453634525614241,-0.020585768807692254,-0.0071176043295396296,0.016852139555948643
2022-01-20,-0.011098742304330734,0.007313403662624878,0.0032786492796716095,0.0012130690311104274,-0.00032557824789001627
2022-01-21,-0.019095995324635427,-0.016426306525166662,-0.04805391953901056,-0.0026169374328443096,-0.00582422843878814
2022-01-24,0.0027679047582695165,-0.042305110822077774,-0.006892597498437518,0.002446780096805452,0.005389914964327385
2022-01-25,-0.012246590556866267,0.005877557491318839,0.02728991295819308,-0.0015299833108573517,0.005954976611818967
2022-01-26,-0.0014977569258856588,0.020949826782639454,0.03580666545244535,-0.0017310860305212211,-0.01238267432546163
2022-01-27,-0.005398635199970923,0.004879330753362843,-0.022435965750426976,-0.0054114656739098176,-0.02020380869292505
2022-01-28,0.024055967914736694,-0.011550416676431743,-0.013931735760173557,-0.008620280849588057,-0.004695120268889005
2022-01-31,0.018709826222984446,0.009069398605110995,0.0,0.00047941591723723085,0.005642617008805025
2022-02-01,0.006839560348317067,0.011870552331715781,0.010050339867282244,0.006904807091364752,0.002948322863412963
2022-02-02,0.009378400448324454,-0.0005683752298870547,-0.019069517868736636,0.003938049490606719,0.0049313868291021275
2022-02-03,-0.024693471720120656,-0.019378606804891337,0.03395816885919295,0.0023026608419609075,-0.0034327874115770577
2022-02-04,0.005143678439863626,-0.01323368546484718,0.054844686337924685,0.011947232126998369,0.0019946679986083213
2022-02-07,-0.003708580927828488,0.008280637120061522,-0.007280291711196585,0.0016939655604672347,0.007719491459363494
2022-02-08,0.00836611346663433,0.0021067017442823167,0.019638867639990804,-0.001064746932719005,0.003290198230438897
2022-02-09,0.014412842079264784,0.017962031382984443,-0.012876807362602152,-0.0018977167042882913,0.004697138876945367
2022-02-10,-0.01828182448505601,-0.0016712028916382423,0.05152648851925454,2.2753465781710023e-05,0.0005447513489833872
2022-02-11,-0.019151682638086528,-0.010018843841446978,-0.03813801743608146,-0.0005251315768386432,0.002502094128990784
2022-02-14,-0.0038479907556283146,-0.02208935658971965,0.02075498830116848,-0.004430837226841851,0.014668053542140463
2022-02-15,0.015643717646064172,0.019313091907257263,0.024252623112237002,-0.005180328358145332,-0.007091439946204802
2022-02-16,0.0008808197202838003,-0.0015673957598046958,0.0009774463328432038,0.0044531689986751725,0.008268451050258554
2022-02-17,-0.021400504136936647,-0.005825247699203514,-0.037327015503893606,0.0016253575664351733,0.016176862774401283
2022-02-18,-0.007191961663866342,-0.009504817771549467,-0.020492500615270057,-0.000773175879513556,-0.0011054540785265011
2022-02-21,0.0,-0.02197859645396827,0.0,-0.0043439218417605854,0.0
2022-02-22,-0.010194735435016016,-6.021448179703936e-05,0.00824742470518469,-0.0006675169193645805,0.003942497337925904
2022-02-23,-0.018583735748788438,-0.003030594254918118,0.0147773615025294,0.0017205181805229717,0.0016250236299235957
2022-02-24,0.014846105252724002,-0.03694522834653949,-0.004054752769267718,-0.002071050753779992,0.008293621186042542
2022-02-25,0.022126080551265786,0.03626045074817916,0.008596745876426087,-0.010224378977160433,-0.020254641338243038
2022-02-28,-0.0024455914631261143,-0.01176971969905469,-0.0769005979688484,-0.0008614158561598332,0.006814799258052393
2022-03-01,-0.015594467786613053,-0.041196523352477685,-0.07448448449339748,0.003113275910922149,0.022386274771780384
2022-03-02,0.018471046780652183,0.014431258643148308,0.08852360434069077,-0.0074420147912893815,-0.011130495531632012
2022-03-03,-0.005268520744245652,-0.020843442095067666,-0.01132394290127425,-0.0018353165879163118,0.007003374578962224
2022-03-04,-0.007965684543001903,-0.05092230932102969,-0.06728995634274705,-0.004103040528148159,0.015745908688366235
2022-03-07,-0.029962586814416495,-0.012390824703889398,0.015539921026052641,-0.017530288361510188,0.014549409887335826
2022-03-08,-0.007260043975698096,-0.0019750406864151885,0.066820286856344,-0.0008479603892523628,0.022906282220362194
2022-03-09,0.025373598122141117,0.0717454789293807,0.03979581487349204,0.0030252121150615412,-0.026926590113771603
2022-03-10,-0.004301049920247209,-0.030910858482994116,0.03182888828564746,0.015983954438480188,0.00612449262362708
2022-03-11,-0.013046278933238144,0.009645568712027994,-0.003486912482021683,-0.005422450974016716,-0.007737189270018215
2022-03-14,-0.007448675095533314,0.014626255622475569,0.06566072052959426,-0.007461665202687137,-0.011719169211706966
2022-03-15,0.021182629724144964,-0.0007995470943256896,0.009302383378101268,0.0010172042215486929,-0.015997859657440227
2022-03-16,0.022136921648393443,0.039749283035570085,0.012879606564332553,0.002388587321219563,-0.010686925640050688
2022-03-17,0.012272205068700267,-0.0011240817700605733,0.0018264610624562608,0.004782947654196474,0.017714276252213116
2022-03-18,0.011594814411888112,0.004396617410657143,-0.020277151524708357,0.007012538465957428,-0.007182949353329487
2022-03-21,-0.0004347548543014596,-0.005303007351620683,0.07487253472087475,-0.00509277099290486,0.00020743851021229863
2022-03-22,0.011240699554074212,0.011352714533132064,0.02474522581338776,-0.002349456247391793,-0.004104660928568712
2022-03-23,-0.012348630252495208,-0.014598761928047944,-0.022156768044048137,0.001135375310259787,0.008244168082008863
2022-03-24,0.014242012281618024,-0.0015079201803257824,0.008580052703814385,-0.002126461945392862,0.012826608725129677
2022-03-25,0.005053380704237665,0.001122758000862601,0.06250741952758367,0.0002972667240242951,-0.0039842350856929614
2022-03-28,0.007119551020042568,0.00499563685505775,-0.006037492518996634,-0.0025180276167579654,-0.007294465566171339
2022-03-29,0.01218204410139109,0.029175792136891764,-0.03157937264686981,0.001087738359192738,-0.014331939032686957
2022-03-30,-0.006313588999088777,-0.010812392749396644,-0.017654957988584484,0.008845097393777042,0.011182017436005276
2022-03-31,-0.015776335226881762,-0.014404299512376597,-0.013233976584246554,0.006319893943473477,0.00808717487165785
2022-04-01,0.0034044209614630277,0.00413234163712563,0.021259385179061834,-0.00804866480475227,-0.015562693516428947
2022-04-04,0.008058382532133647,0.00824426772890489,0.014617026654362705,-0.0022672778283932002,0.005249070482197901
2022-04-05,-0.01263115907400537,-0.008456053808808692,0.057987279925693955,-0.00648577049140211,-0.003270908031756635
2022-04-06,-0.009764433912479721,-0.024065655953630073,0.020523459449869816,-0.006345887741704586,-0.0023429578535094993
2022-04-07,0.004244365552037262,-0.0059475260966560545,0.016347059897633506,-0.0007521699867265114,0.007995486299766241
2022-04-08,-0.0026545466755523947,0.014714968045098944,0.022741001846927688,-0.003068660384801401,0.004025358538914993
2022-04-11,-0.017021334584696127,-0.004871410980853364,0.02439586194004899,0.0018488313653010355,0.0013896773770587837
2022-04-12,-0.0034233005304522353,-0.002124899970570982,-0.019982524293112074,-0.0006420885703541868,0.014196912221042413
2022-04-13,0.011112603268901934,-0.000916519908832586,-0.014043049997609556,-0.004774839201849695,0.004502815262256247
2022-04-14,-0.012218480383508163,0.005398200595318246,0.05114442919420282,0.006484154387127226,-0.0051114641128363805
2022-04-15,0.0,0.0,0.0,-0.006960393910240724,0.0
2022-04-18,-0.0002048892724065068,0.0,0.011950904821047239,-0.0005300335180195361,0.006070128331346491
2022-04-19,0.01593004474938665,-0.004666995129237123,0.017662837508861808,-0.0030992061418720638,-0.013812271285541397
2022-04-20,-0.0006186664061825758,0.01709506527453242,-0.02537949269344572,0.0011758350863038487,-0.001739970932198888
2022-04-21,-0.014862855551311067,0.007979750644598913,0.02675168789687113,0.0051189236431801914,-0.0037976152973985644
2022-04-22,-0.028132076377366966,-0.022663062089973905,-0.0037781794862899606,-0.0013553055318443394,-0.007172570973407727
2022-04-25,0.0056817651441118085,-0.021697155461924186,-0.027915254873360062,-0.00222952123962869,-0.019769510187740744
2022-04-26,-0.028550008928597752,-0.009688596107164603,-0.019293167325613987,-0.008997500540048975,0.0043219765242018485
2022-04-27,0.0020958490249645954,0.0035621778966299245,0.01645833306447674,-0.0066102261513955,-0.008185296301079753
2022-04-28,0.024445655340832175,0.011283944461633836,0.015842555575775737,-0.008352179109846734,0.0014835623851351678
2022-04-29,-0.03695915978469415,0.006818099378613882,0.008347932947290934,-0.004833072313007677,0.010847972444223454
2022-05-02,0.005659199293818601,-0.018691283887076835,0.03706015309383799,0.0030193049237596144,-0.02519292038456543
2022-05-03,0.004825465075359521,0.007673221526049858,-0.012088801620569682,-0.0025570647412530415,0.0037527518532821575
2022-05-04,0.029425221557325833,-0.009671216470288376,-0.014633571375547655,0.0018513560381259822,-0.0009636752202483986
2022-05-05,-0.03630067756409906,-0.007642602544514341,0.04981806562493625,0.008883347273825875,0.003742319256644968
2022-05-06,-0.00569038441395277,-0.018417611630365965,0.01842027290171324,-0.007819372198253727,0.003834661316685816
2022-05-09,-0.03256151953960419,-0.02859596333407203,-0.014189180671138658,-0.0007164347743801674,-0.012893727062383077
2022-05-10,0.002454881760409255,0.007890829484454616,-0.02832862863654373,0.003185736537216687,-0.00930488248338918
2022-05-11,-0.016600232095697796,0.025844651119095417,-0.02435021435531949,-0.0031120553998316533,0.006878809072376239
2022-05-12,-0.0012968049941124407,-0.009486026902178379,-0.03625356696323783,-0.0019467323960849386,-0.015667781369351496
2022-05-13,0.023589267956869442,0.02459925511953732,0.04103497603584007,-0.012722865261767163,-0.009032901296614637
2022-05-16,-0.003954208517722458,-0.004893884777679327,-0.019959316729495295,0.0020260788046566882,0.003369317747265814
2022-05-17,0.01996891958146264,0.01512646469283635,0.031140186400785898,0.003678174850093924,0.0025882941096002548
2022-05-18,-0.041233809291248875,-0.013662298563607565,-0.028016871522343376,0.010377817305916337,-0.0012657478221988101
2022-05-19,-0.005850864777347809,-0.015677372668327815,-0.01079958214440509,-0.007146940759466621,0.013836280412998598
2022-05-20,0.0001461310919903067,0.006501745952466635,-0.02410612250446842,0.010094047194697555,0.00032587437499885286
2022-05-23,0.018384995412060758,0.013946440608909752,0.02550617471458635,-0.0008670358678781887,0.003252387863293797
2022-05-24,-0.008153950903558081,-0.016539324232704263,-0.03524122572510529,0.010561954262868753,0.009318889191803466
2022-05-25,0.009406385648931585,0.008065957624684959,-0.003993440724930909,0.005086835283498354,-0.01018521174530886
2022-05-26,0.019688166007720866,0.0,0.002543132828195562,-0.00465950711675043,0.0006498122657287857
2022-05-27,0.024441130195822013,0.0352055353792746,-0.0047281452958946955,0.004326801286931803,0.0021088629963046065
2022-05-30,0.0,0.008564223169786772,0.0,-0.00013951174909264155,0.0
2022-05-31,-0.006294135193666945,-0.013736639353734465,0.03615932440473009,0.00391381774383384,-0.004656260527504244
2022-06-01,-0.007510905041155451,-0.007860923904067205,0.03013211229068781,-0.0036670195931451026,0.00032560914897010034
2022-06-02,0.018263225415545106,0.009422015099662458,-0.0061601451320184184,-0.007475100550259082,0.0125075493629948
2022-06-03,-0.016482405609817057,-0.0030268630667223983,0.014991732031108228,0.009054299007338812,-0.011368949980497233
2022-06-06,0.003132489407036025,0.0,0.027024192656486028,-0.002330222818458084,-0.003365401473737211
2022-06-07,0.00947833153171984,0.0060814053419376065,-0.021964351624706852,-0.0032340634484176282,0.004502705921952788
2022-06-08,-0.010852623040155319,-0.004689537964781767,0.018997458820730072,0.0006737905923230617,0.0023787784288539122
2022-06-09,-0.02408645766515553,-0.017164462479229457,0.00493986402147121,0.0017775409484932394,-0.001675345880327806
2022-06-10,-0.029542414811409477,-0.03420759183472862,0.03613296040316574,-0.00922813318281883,0.012203441973600668
2022-06-13,-0.03953993199003993,-0.027234585749417603,0.06441970611637692,-0.01224298052450652,-0.02351777533038834
2022-06-14,-0.003780818039489633,-0.007830742663361477,0.03416892581469502,-0.007159954992260149,-0.01017190901029815
2022-06-15,0.014487058836534478,0.016308641651140827,-0.02559024749126417,0.0024401181740231668,0.00320020619069026
2022-06-16,-0.033052207113840666,-0.030004177841364783,-0.026262345040094236,0.0014941669127020091,0.016607812663686532
2022-06-17,0.0021984473410133873,0.0030729649946899355,-0.020776744841869622,0.008632159944394863,-0.00548719263781298
2022-06-20,0.0,0.009081938549567858,0.0,-0.005270130105696999,0.0
2022-06-21,0.024182474960671992,0.006941587792167374,0.020776744841869744,0.002794688034567393,-0.0005449294523729552
2022-06-22,-0.0013024200953574458,-0.008438511576674329,-0.04673603939971345,0.001126331054716773,-0.00016349682819632593
2022-06-23,0.00948707248555652,-0.008216287741404963,-0.028279461958391785,0.002985212626758971,-0.004699515565206118
2022-06-24,0.030105539729901033,0.027803050460686853,0.01840837419401581,-0.004174658466384516,0.0004381188607517011
2022-06-27,-0.0029774998903406716,0.001614796936094907,0.021839768395954324,0.004364781705743179,-0.003070669489849738
2022-06-28,-0.0203486731494949,0.0029373346998124474,0.0037500305647964753,0.0013957625433815856,-0.001868967337812985
2022-06-29,-0.0007119988201726959,-0.009901525105740477,-0.03588260941283481,-0.005434475183267472,-0.0020929997061283
2022-06-30,-0.008797866246367652,-0.01706410287710988,-0.03990638502890689,-0.007339457036861056,-0.005307091775332891
2022-07-01,0.010498511296639174,-0.001897693562897499,-0.028324687350017315,0.0029713085188302992,-0.0028864583859110646
2022-07-04,0.0,0.001191138844385769,0.0,-0.004182325010529268,0.0
2022-07-05,0.0015828751061934918,-0.02718501107931789,-0.028081846803142695,-7.300929283569905e-05,-0.02083933914969923
2022-07-06,0.003566795705066178,0.018288043069511373,0.0363549610902727,-0.016965678829353473,-0.015386252486003978
2022-07-07,0.014853723180930391,0.019293400617943088,0.032091857202140146,-0.006971445470808471,0.0017277129141139384
2022-07-08,-0.00083061639612735,0.005160817653698608,0.030449291029472646,-0.0016284792512089388,0.0015523655104664287
2022-07-11,-0.011594417660525545,-0.009991171830828701,-0.03611690427225539,-0.000366023117238468,-0.006108458837354837
2022-07-12,-0.00928686849749371,0.004414630346720109,-0.01109441301473235,-0.011733736567112072,-0.003880322870210738
2022-07-13,-0.00446686411181668,-0.00953183494399862,-0.018424233520150567,-0.0014358094078833954,0.0063050981654516405
2022-07-14,-0.003003138812764307,-0.016746378591754475,0.019100169154498824,-4.0160580542073956e-05,-0.017274371209107783
2022-07-15,0.01901923165863364,0.023449451149411982,-0.010186835410455947,-0.0007020012314786962,-0.0012327780896654707
2022-07-18,-0.008398742485835936,0.009918484060476223,0.010186835410455923,0.00702249344752808,0.003986361713753098
2022-07-19,0.02725351764373082,0.02129299763329806,0.019736387191126525,0.004827628644534584,0.0004679742946601952
2022-07-20,0.0058784939410571665,-0.0006134251804978768,0.005615195516504798,0.008456116811406341,-0.006159280360534849
2022-07-21,0.00981306668950467,0.0031385188240576458,-0.04238775325260843,-0.004756441789894104,0.007736953992708003
2022-07-22,-0.009376287293813849,-5.566392673411505e-06,-0.04462363087615709,0.0037542692053991913,0.008372643085123987
2022-07-25,0.001314302973305868,0.0021303423662470313,0.01320738147492959,-0.002042072812136406,-0.004700960831153482
2022-07-26,-0.011610342599263359,-0.008022809069424038,-0.011771133993019343,0.0024203515481354024,-0.000756568166326809
2022-07-27,0.025820048778629066,0.009026732430117576,-0.019200000842363587,-0.009373056494817926,0.0008147256292718839
2022-07-28,0.012060319791912806,0.012237079524281762,-0.019575869322345483,0.007840516682384753,0.017986345847998488
2022-07-29,0.014107775781753557,0.015189930015888461,-0.014653666179999488,-0.0016628379501900366,0.007172964446712137
2022-08-01,-0.002827076544916728,0.0,-0.013719732730259395,0.0015606629240480755,0.003454221019280375
2022-08-02,-0.00668468837887098,-0.006349560652046822,0.05050633614804408,0.005189064513554008,0.001186393518112395
2022-08-03,0.015517456270090707,0.01291889577688059,0.0025505459925708224,-0.010351198843136136,-0.007424009432775246
2022-08-04,-0.0007776424495837734,0.005892803400877271,-0.026550153892715245,0.00019283970848837684,0.01720048045395003
2022-08-05,-0.0016270690189191196,-0.007810265415306045,0.05948083549387322,0.00883555172373451,-0.008760642024044224
2022-08-08,-0.0012383171221209141,0.008507798936945104,-0.026763349036716403,-0.007534415937540125,0.007809700130070115
2022-08-09,-0.004257744235926498,-0.011201013456411052,0.01150671675614118,0.0026274810000368686,0.004021425813643075
2022-08-10,0.021067158460407496,0.009104216688095131,-0.003940509520518464,0.001030518147346478,0.0008914506924313416
2022-08-11,-0.0007057229222018175,0.00205157031928307,0.03595734484326829,0.009034052397915944,-0.003291233570665182
2022-08-12,0.017174046951492668,0.005245665514149432,-0.01359617751120474,0.0015463236906874298,0.004960590165981755
2022-08-15,0.003961684056233163,0.0033860276339796134,-0.02056813256459484,-0.005863386210464329,-0.009608985203734186
2022-08-16,0.0018739228259478625,0.004108019464124494,0.011754362838361036,-0.00924938057915025,-0.0046137893685845414
2022-08-17,-0.007264114867648021,-0.013003249343633788,0.02413970933964821,0.0008539974026696639,-0.007301519543719817
2022-08-18,0.0022669896063847975,0.005660065335880862,-0.004503653211141495,0.0009361784420449659,-0.002844466510612898
2022-08-19,-0.012983928713038868,-0.01253657740903949,0.037148576856791134,-0.008908664203253895,-0.00439640617260913
2022-08-22,-0.021632366466494565,-0.019517356880068865,0.015931255853387,-0.005433672462005448,-0.00781252576674173
2022-08-23,-0.002240370434437464,-0.0015593366292485505,0.005582007725839215,-0.009587811226055044,0.007354692223817934
2022-08-24,0.002911916698724165,0.004081968035648371,0.016883533211808566,0.0027571059008813115,0.0005723115660449006
2022-08-25,0.013993241836107048,0.0019286516806443583,-0.026094084602104134,0.00021927184316001224,0.005648226308946638
2022-08-26,-0.03426857631703952,-0.01947243879132195,0.0029698298617484675,0.00021940310248669677,-0.012364904253983925
2022-08-29,-0.0066886751973248065,-0.009247081135233017,0.024411239668142366,-0.0032752411283479355,0.0002879603826907875
2022-08-30,-0.011089416492117008,-0.002408742077045206,0.0,0.0075519840269269055,-0.007746165501607033
2022-08-31,-0.007847738208153028,-0.012620269114142624,0.00736828663533309,0.0011022011823750134,-0.006053512283144235
2022-09-01,0.0029917522671948716,-0.0173650716724592,0.04126881576308031,0.0013944510247493138,-0.009503252799611197
2022-09-02,-0.010794552570724387,0.025048854805474176,-0.022298856634185422,-0.008676090547837427,0.0077501991662910705
2022-09-05,0.0,-0.015458613070291732,0.0,-0.0043199709658943205,0.0
2022-09-06,-0.004103464690895143,0.002898332666743124,0.045009843066673674,0.004310029151858244,-0.0055129013074622065
2022-09-07,0.018174848666169877,0.0005570212256278197,-0.02271098643248817,-0.005468817444529171,0.00872448903953951
2022-09-08,0.006588966880442448,0.0029338787807943485,0.008235504758795113,0.009827376612398795,-0.004264925533494193
2022-09-09,0.01515601498121106,0.016282974141250527,0.00877067264264403,0.00163069068126299,0.004789420573202699
2022-09-12,0.010528651483995635,0.02119373731982351,0.012270059322721563,0.005914473623920646,0.0069100090105372255
2022-09-13,-0.04419916303197406,-0.01668299840726684,0.01768912382191146,0.005757313715473667,-0.013457414214637989
2022-09-14,0.003381289078844715,-0.005205644913065771,-0.002926543104318394,-0.014670914986609497,-0.004997805493332346
2022-09-15,-0.011382272168149512,-0.007249645057330557,0.013680949637107281,0.00019959706297365223,-0.018501955762987212
2022-09-16,-0.007208049775663175,-0.011752180711329266,-0.0031852224119326747,0.00042938969546725455,0.003775694038622129
2022-09-19,0.006833697724705768,-0.0002628385814454534,0.01210739942168891,0.003401793701857418,-0.003295488264191871
2022-09-20,-0.011336114736600402,-0.009301590043385608,0.02294395743971302,0.0007219640016474552,-0.0039087215289053045
2022-09-21,-0.01726467409850635,0.007121792136552068,-0.017229661625886444,-0.005880143867171973,0.002948005938547933
2022-09-22,-0.008463293830453985,-0.018711380124101947,0.054876598025619165,-0.014147680973100527,0.0037177432020477504
2022-09-23,-0.017382828767330778,-0.023183685567162597,-0.002970945609026831,0.0011016046308961233,-0.015379814777475905
2022-09-26,-0.010394360890280502,-0.0018053792054074248,0.04779787505333457,-0.015526806604905349,-0.013461623673598822
2022-09-27,-0.0021226109548247284,-0.004170210948341452,0.0219340508688874,-0.006856387846966306,0.0020922483593887654
2022-09-28,0.019481144181152356,0.0019958579343017386,-0.06757037494367583,-0.0028637682551989094,0.020505159126874725
2022-09-29,-0.0213527948230975,-0.017011936442163922,0.011272276056289433,0.011601697507510935,-0.0011449724954999327
2022-09-30,-0.0151813515462093,0.01187174396987159,0.015097604397847127,0.012425726247878138,0.002348776643889567
2022-10-03,0.02555457753093017,0.007197820735943322,-0.041052009667511234,-0.0037577051702841185,0.01818069303365146
2022-10-04,0.030125341416799834,0.04169854332253051,-0.009356127496796353,0.00401332309708905,0.016520558026136455
2022-10-05,-0.0020199875589381176,-0.01060568206030955,0.03850799988080086,0.015366962792935441,-0.005651843841279974
2022-10-06,-0.010297922911395202,-0.004147562158660365,0.01766688321074135,-0.0073711760409446,0.00017523692601385205
2022-10-07,-0.028403196531478058,-0.01703397259058062,0.014788159687201824,-0.012381194971008931,-0.006564674728268202
2022-10-10,-0.007520673133652772,-0.005519663513424038,0.001286865317166616,-0.005535011240227645,-0.01971674459509101
2022-10-11,-0.006540518412323781,-0.004936315094399806,0.01303196684650902,-0.0025667468761050396,0.006814074389340839
2022-10-12,-0.0032961996501662937,-0.0026439544265180956,-0.009437626896361549,-0.0010190096651593531,-0.005016375012451831
2022-10-13,0.025634259307631132,0.009223308938700471,0.012732525779777898,0.0008054917847734313,-0.00017965381824740632
2022-10-14,-0.023947120744528417,0.0057324314312724185,0.014569543124683509,0.004456053379512562,-0.01709136585274509
2022-10-17,0.026135524557561848,0.017560663656113456,0.0012460157485846767,-0.0012278291632679555,0.009276477868507263
2022-10-18,0.011362768207087462,0.006426865085413269,-0.004243101443326504,0.010928647456162878,-0.004839694866963967
2022-10-19,-0.006694455239684375,0.002136940176847099,0.031756502944521654,0.0017739018816072146,-0.013123948476874548
2022-10-20,-0.007982686738766696,0.006206173817801952,0.023705163830219405,-0.009923054996403982,0.00202562680358335
2022-10-21,0.023447759860447268,-0.004654649751337053,-0.00308093903591771,0.0012705652009295035,0.012310443033820328
2022-10-24,0.011811940205111494,0.014608223554939062,0.0049722809246059855,0.00826791765473566,-0.0013940959691325695
2022-10-25,0.01613577001587496,0.016248644334404806,-0.030210977585924875,0.002675640869900312,0.0024837799570480903
2022-10-26,-0.007415140398989885,0.005487506999524625,-0.02289892963417796,0.0077811010421081125,0.006753493473110318
2022-10-27,-0.006101185053184453,-0.00022193309231663598,-0.019618292978342174,0.012785248640600487,-0.001985171570581598
2022-10-28,0.024328036770856338,0.0023581512441720625,0.018372277229757438,-0.012376571094321193,-0.012786876070645195
2022-10-31,-0.007482327030336412,0.001250254498518951,0.016570160060398912,-0.0012850891507328465,-0.002259168215868315
2022-11-01,-0.0041096637203590055,0.009212338338765816,-0.006150860772974884,-0.006924464393830943,0.005547257675413403
2022-11-02,-0.025319843737482882,-0.007977462900097787,0.0017260439323443014,-0.0008498484807727607,0.0004254117317392756
2022-11-03,-0.010642422531956597,-0.007991537795751619,0.015886942113691658,-0.0064492786516353135,-0.011243566259035888
2022-11-04,0.013526823285563951,0.026136217002177643,0.007729522550855603,-0.006622268577274553,0.02739728333020796
2022-11-07,0.00956806167935914,0.005534585063170642,0.013859262510822305,0.01821134690851107,0.0023887739038996633
2022-11-08,0.005582282828760321,0.008184700030503119,-0.021103971708786872,0.00900614640617105,0.02101238604477114
2022-11-09,-0.020996784712303443,-0.003013135499469651,0.006040877502206366,0.006190521830417323,-0.0011688389084410285
2022-11-10,0.05395251566479769,0.031299305764281055,-0.08074560308590523,-0.006100333328057607,0.023235395651179536
2022-11-11,0.009198312304769028,0.005687577383283923,-0.004187400127694906,0.01708814571666528,0.008929872470112414
2022-11-14,-0.008975940544918012,0.004902017353990331,0.013545413135650095,0.01328688092947431,0.004294263372937783
2022-11-15,0.008675376414669186,0.007069487772115961,-0.017223803774501757,-0.000898233989768149,0.00011279993292139435
2022-11-16,-0.008286283111873759,-0.008286940667490422,-0.028569587856106107,0.0037322089642766866,-0.0004511383955566457
2022-11-17,-0.0030941046442292835,-0.0011235654043159858,0.022232115087643462,0.003579922982457949,-0.006904748131308381
2022-11-18,0.00474729564815821,0.011897774404030288,0.011326337821938702,-0.003206868811748218,-0.005067351765360675
2022-11-21,-0.003891249800275618,-0.003972387153192158,0.0018317339590078366,-0.0029797984214465644,-0.008311170299651035
2022-11-22,0.01348860626982839,0.005260734102750754,-0.017671606160908154,-0.008282004908750605,0.0005178953391911294
2022-11-23,0.0058972660417383116,0.004199936443509216,-0.013933721531497313,0.006362364906543441,0.0037896091787737837
2022-11-24,0.0,0.003932529971786548,0.0,0.010145862095391638,0.0
2022-11-25,-0.0002830842622024787,0.00010598200004238541,-0.004055732138615902,-0.0007809388137341562,0.004802492929499426
2022-11-28,-0.015564696794064813,-0.006811921778853982,0.0032459005606186157,-0.00390593444818525,-0.007557185534083681
2022-11-29,-0.0015931337016243704,-0.00027193778171610627,0.012079018965760198,-0.002123004481568896,0.004758529161550502
2022-11-30,0.030478643521294944,0.007666683027143914,-0.012079018965760163,-0.0020359552381959117,-0.001373640553271435
2022-12-01,-0.0008680098296065889,0.004976606558493049,-0.04812876335028887,0.009721073718734909,0.0310701183883798
2022-12-02,-0.001195374663761461,-0.0016578165499889065,-0.006538758656564727,0.009837653378816175,-0.002891273168903714
2022-12-05,-0.01805624963097222,-0.005386631403379055,0.026180224269724647,0.0014961831121075887,-0.015996748721572914
2022-12-06,-0.014503869422986057,-0.004392282358605949,-0.024185646195967563,-0.004492329102575546,0.0010744618189316108
2022-12-07,-0.001864107253381664,-0.0046539091633489345,-0.030344769812933454,-0.002662687988950827,0.009114472318120768
2022-12-08,0.007493634413933237,9.439152465761817e-05,0.02406260336456618,0.004217558881531055,0.0017905836665891154
2022-12-09,-0.0073767194642132125,0.005429920749730189,0.02153667168663992,0.004404086803714652,0.005241466558799575
2022-12-12,0.01417830729965003,-0.005289657454813917,0.012259877418280586,-0.0035522143897896534,-0.009836314542059353
2022-12-13,0.007263223255457212,0.016440599310650124,-0.030936137927797064,0.001853566131702255,0.01858501310552256
2022-12-14,-0.006071116623835963,-0.0029062912817026305,0.0005711289346533889,0.00802275589918932,-0.0035345617904352757
2022-12-15,-0.02523747790182607,-0.035738222460937864,-0.015245505340105022,0.004665415530993445,-0.0169056104459163
2022-12-16,-0.011200239946011676,-0.00829352734067866,0.009232628800020168,-0.003357472785711803,0.007176555247797316
2022-12-19,-0.0090483289411038,0.0018961855162297862,0.02803524238525783,-0.005232043416178128,-0.0012857697271356746
2022-12-20,0.001036800697890769,-0.00229848021262678,0.028357006485055087,0.002787749794717641,0.015651375902693578
2022-12-21,0.014758548669054294,0.018153770382377633,0.0,0.0011683215286929897,0.0
2022-12-22,-0.014557142498145655,-0.012698564401861775,-0.004080001595016868,-0.0015928200295245159,-0.016042989850930472
2022-12-23,0.005850952271915072,-0.0016439225347291214,0.022103330837151724,-0.0006363550446384674,0.004968066459595485
2022-12-26,0.0,0.0,0.0,0.00606216291441548,0.0
2022-12-27,-0.004057844034659477,0.004151663635976407,0.028644704522388393,-0.0025889456317026356,0.010468993076297851
2022-12-28,-0.012093470442948605,-0.006299611982887098,0.006970517161368415,-0.0002871907082003092,-0.0038093315032526956
2022-12-29,0.01731063431499432,0.01077189987821951,-0.013468228694581346,-0.0007444128462590291,0.0063957738601456895
2022-12-30,-0.002543975646110833,-0.014770608465045182,0.011407930415342523,0.0029593483845724387,0.0001098874339190406
2023-01-02,0.0,0.0,0.0,0.004583966492703552,0.0
2023-01-03,-0.004008572481273608,0.023104456536394362,-0.0224201170006011,-0.002994245842760573,0.010930862804251935
2023-01-04,0.007510694562138916,0.023340391880693746,-0.02239492984713925,-0.012331112219669753,0.007095546441984838
2023-01-05,-0.011713869136457158,-0.0036528890800188417,0.0029613476420959966,0.0056266257915620664,-0.009762524397120638
2023-01-06,0.02258383558903089,0.014629276755501672,-0.041438229864690694,-0.007965313943903736,0.01589647009927115
2023-01-09,-0.0007679273259905782,0.012561929086740302,-0.01467710400821589,0.01266446764454612,0.004549233258291233
2023-01-10,0.006953997970593733,-0.00274675197864744,0.029141902902585858,0.007186750031592487,-0.0005875467452382744
2023-01-11,0.012767571192293676,0.010371225800016285,-0.018676543180380225,0.0005367494741383354,0.0016016233411999265
2023-01-12,0.0034100849120427303,0.006544873953597036,-0.029989402157500927,0.0025161245552818563,0.01108736566761589
2023-01-13,0.003988892144656051,0.00582778749762457,0.017816574158795638,0.00871525666027755,0.012008862043122856
2023-01-16,0.0,0.001492620575697616,0.0,-0.0032852201698865342,0.0
2023-01-17,-0.002032555430996314,0.004160224827841061,0.006812449802216194,0.000508881770290038,-0.005855345730477272
2023-01-18,-0.015684966977744675,2.33944450831217e-06,-0.046317999304294026,-0.00340569357753422,-0.0014691611288529948
2023-01-19,-0.007667671901812428,-0.019365339716961593,0.00649738675168578,0.00042104731419264534,0.00925131447113823
2023-01-20,0.01874167355235196,0.006237982692771691,0.025288338607267067,0.0033312026121230954,0.002234663176594187
2023-01-23,0.011811315951328555,0.007476995218427428,0.011699413635375936,0.002875225962125885,0.0003632807471507761
2023-01-24,-0.0007117563642918193,0.0005299223986464127,-0.01601406619039769,0.0008477594599432104,0.0035224324574504432
2023-01-25,-0.00018174157346566321,-0.0011830092751151813,-0.002019971226956018,0.0012731397801450267,0.003767611384967313
2023-01-26,0.010947708029114303,0.006217236536781613,0.008914548660008194,0.0031079443693967086,-0.0062527531393145016
2023-01-27,0.002491734021703855,0.0009649881265351999,0.007131639765950417,-0.0025307945071393893,-0.00025922182084070467
2023-01-30,-0.013053569315292663,-0.004649335593213016,0.009336672935583434,-0.002111230865447573,-0.0029598625643060456
2023-01-31,0.014536304416419527,0.0011584394751822976,-0.006214730138871829,-0.0019115507750811752,0.0034264261246514465
2023-02-01,0.01039805629688473,0.0019171814888838514,-0.03812184604795953,0.0009444879359142555,-0.000881420299387641
2023-02-02,0.014592384626854379,0.01656612704201821,-0.0002944695860697241,0.013889426300072028,-0.005983212723418652
2023-02-03,-0.010408592637285455,0.0039674518956100335,0.03926605961226487,-0.009830096693875624,-0.02826184255379748
2023-02-06,-0.006159393193939262,-0.012413515232752543,0.028469686192052354,-0.01053322466006526,0.0017698252343863036
2023-02-07,0.012790364037397075,0.0009174030953936355,0.010947006247427582,-0.005584813467052059,0.0029428310618131773
2023-02-08,-0.011142573012411353,-3.804882383773476e-05,-0.005732213878649658,-9.654286024440955e-05,0.003040771209810025
2023-02-09,-0.008869009831037385,0.009691251867084808,0.008178881622161106,-0.0012975112698280708,-0.005983602271623308
2023-02-10,0.0021928557092171274,-0.012358040919989311,0.016426886122269183,0.0024677288529569175,-0.0018234933150134012
2023-02-13,0.011383569951155146,0.01029002547708593,-0.007237654039951654,-0.006029713504830647,-0.005868606069231897
2023-02-14,-0.0002804538554937624,-0.0006132219476870309,0.011767964313552287,0.004923821832561969,0.0011333148745895825
2023-02-15,0.002769337533076689,0.009691646123378878,0.01268183382121472,0.000493805176462593,-0.0107370746218953
2023-02-16,-0.013884689204881605,0.004010646223510802,0.008886603205457486,-0.004103335609945398,0.004243545311346955
2023-02-17,-0.0027712421722827342,-0.00520764020646771,-0.003910803179751812,-0.0024348106615187685,-0.0008689852683103383
2023-02-20,0.0,-0.0008751936648822151,0.0,0.0017506575018656283,0.0
2023-02-21,-0.020244783973471698,-0.004877103644436731,0.03263809040095688,-0.00017083247061335562,-0.004028983707236791
2023-02-22,-0.0015747954856433837,-0.0017708168544015653,-0.008123889905678862,-0.0028695678084155025,-0.000545702605629464
2023-02-23,0.005315278263237728,0.003594922462065822,-0.011279316841812213,-0.004347163411922486,-0.0076712704966514795
2023-02-24,-0.010593464619774184,-0.018808310818540563,0.01788497717717894,-0.0007315422531570732,-0.005073326778902653
2023-02-27,0.0030682925395522777,0.01642171484499598,-0.006860642092180467,-0.0040930476331470945,0.004523120437649741
2023-02-28,-0.0030406198309477117,-0.0022694896993247365,-0.0015310138481571616,0.005333744882631658,0.006527917163400628
2023-03-01,-0.004736464203492832,-0.00535358154545518,0.019722528068984144,-0.003199469102332789,0.004800056571569328
2023-03-02,0.0075535937311959735,0.0058748620922224794,0.01958659293984831,0.008625932198623705,-0.0022880546197603423
2023-03-03,0.01601874917648306,0.012702569440956242,-0.027126204327727138,-0.006508235473883866,0.007714887423290701
2023-03-06,0.0006869307788483012,0.004409557006438727,0.004781701156258922,0.00249404754925224,0.00010827646049621364
2023-03-07,-0.015445590479262547,-0.008104519824257637,-0.0020105901413385303,0.005829571489454962,-0.0185706355718125
2023-03-08,0.0014137941356032722,0.0022154275524388072,0.00025158242931099087,-0.01295549318169404,-0.0006618172911648265
2023-03-09,-0.018631857945482354,-0.0005434857018917107,-0.01290996745814487,-0.00011604393253258556,0.009115987157307687
2023-03-10,-0.01458396943606664,-0.01329109715641517,-0.06038580275239108,0.0033286223856131797,0.017717772147514535
2023-03-13,-0.001510901840738768,-0.031948100457049565,-0.049940981225919875,0.00930472022571737,0.026341694156230083
2023-03-14,0.016342388235363665,0.020041771123163903,0.03439452813429703,0.0038642763226350934,-0.0028811671051432153
2023-03-15,-0.007005363929353597,-0.03519803999858466,-0.040959415769202874,0.00024672420948644856,0.010645072763326822
2023-03-16,0.017409576249031722,0.020133424480475174,0.02628381721986391,-0.013542768888188937,-0.003952561643726087
2023-03-17,-0.011080621273953702,-0.012708599555879375,-0.054454729299752626,0.002904104462518152,0.026127822516268665
2023-03-20,0.008878869635940853,0.01330107721761357,0.02501583809467854,0.006079118908904215,0.004760658443617601
2023-03-21,0.012898647518559103,0.014981613982987004,0.03527951648364818,0.003766032493777598,-0.021036184516874452
2023-03-22,-0.016600248639842885,0.003366266094812719,-0.029836141475507342,0.0051261462943097014,0.004530510589810312
2023-03-23,0.0029800838691824228,0.002722876556554681,-0.027224415934694983,0.008884978951823826,0.023855366038062705
2023-03-24,0.005623963084303207,-0.018355569280027142,-0.0076628092074863905,-0.003255851136334388,-0.005885513691905922
2023-03-27,0.0016455995637670831,0.008197517959012236,0.04285542776989133,-0.0052627456329634136,-0.015097478869044783
2023-03-28,-0.0015750832883878866,0.000861614586743852,0.010152307980750515,0.0026765316917468037,0.01019169021018235
2023-03-29,0.014136870775046802,0.015015511331334754,0.0005610360581552392,0.0029980508706156195,-0.0031992150318794522
2023-03-30,0.005698999199482652,0.012716356333286967,-0.004215227898973369,0.0003794570093860563,0.007196500323830662
2023-03-31,0.014333327782036555,0.006890321338587387,-0.016182087560782068,0.00561102204353346,-0.005722573380642285
2023-04-03,0.003692022565802823,-0.0009274180609633117,-0.018486919061638764,-0.009334291021729486,0.007538817015696076
2023-04-04,-0.005813839745162529,0.0009899923290302439,-0.027488112879600974,0.010032490718915267,0.01912138685643545
2023-04-05,-0.002495481657121423,-0.003937918164962083,-0.015096891067287125,0.004374464508325442,-0.0006430347062673179
2023-04-06,0.0035727731328032467,0.0025768082920864833,0.00030423298548815146,-0.005192595096162501,-0.004463407474970126
2023-04-07,0.0,0.0,0.0,0.001538549661100185,0.0
2023-04-10,0.0009958070170100843,0.0,0.037897972173147346,-0.0006003677951654333,-0.011397298492928634
2023-04-11,-4.135333298352082e-05,0.005516746672067803,0.0055482850663917775,-0.004062541073859795,0.007862066660321815
2023-04-12,-0.0041434563234613855,0.0001706977729099648,-0.0037928598081782916,0.004422717649457876,0.0030380656754726365
2023-04-13,0.013175510497831548,0.0067171788355555075,0.009020837931378397,0.007517639083118104,0.015004488526765062
2023-04-14,-0.0020715175845779886,0.006285100953302658,0.02007528615264137,0.004962212603613521,-0.01934033210150383
2023-04-17,0.0033007035826147536,-0.005284137880471894,0.019401706357546997,-0.0061715209978287396,-0.004003608688523414
2023-04-18,0.0008548548034659753,0.006012721755371082,-0.005305067062253562,-0.005587493587279635,0.006597421632108531
2023-04-19,-8.426554793962826e-05,-8.657074877603485e-05,0.00836357573437638,0.004566272411435851,-0.006096093088757149
2023-04-20,-0.005970335188311131,-0.0019844013350386385,-0.015951064718584606,-0.002115996750198505,0.006195695166983959
2023-04-21,0.0009027812573008861,0.005397207890774616,0.007027395586396214,0.0017100195037912675,-0.014095679073773076
2023-04-24,0.0008512167782723126,-0.0015413711941861298,-0.015526021984707908,0.0019436539865794662,0.004837975290905525
2023-04-25,-0.01593718381857645,-0.005455745206967837,-0.03444131361723403,0.006097313856667734,0.002460408684692786
2023-04-26,-0.0038485835033448754,-0.0069084978825375894,0.010544917349681637,-0.007360557750447326,-0.004171199318677286
2023-04-27,0.019377193402696356,0.002375404075068885,0.027588012283287236,0.006255217206481515,0.0021129262655032468
2023-04-28,0.008219331313243467,0.00028913660438355715,-0.021777426081149513,-0.0013799111710282468,0.00010047797590101929
2023-05-01,-0.0003861810485107871,0.0,0.034731638607558186,-0.0019178010282847264,-0.003372320383288464
2023-05-02,-0.011653906680571788,-0.014897148163606684,-0.038504683812871233,-0.003791571102515303,0.015459208663897123
2023-05-03,-0.007022908054892971,0.0035630541337470937,-0.010523270127936506,0.0037915711025152355,0.007074123181844181
2023-05-04,-0.007244913455062742,-0.005385571990308053,-0.015398599893553768,0.005254977698491383,0.009517819252434986
2023-05-05,0.018306166381879797,0.01237932666681121,0.027955337072425625,-0.004164264686123018,-0.015054141436917398
2023-05-08,0.0004520264848820656,0.0018919676054309246,0.0215308472834517,-0.0003857253962110418,0.00440192824598679
2023-05-09,-0.004589938949059595,-0.005895041447966539,0.0,-0.002047395993579254,0.004873807724603167
2023-05-10,0.004473942241914432,-0.0037845613435568215,-0.023564314334387118,-0.002865913186300644,-0.002803233566718523
2023-05-11,-0.0016980648897067581,0.0006940709350719233,-0.012287988760436458,0.0017668981432014084,-0.007811791440417504
2023-05-12,-0.0015845615894390477,0.0018846161296257288,0.019242571418263382,-0.006568885442957101,-9.925105453308255e-05
2023-05-15,0.002953797680316935,-0.00034043947331992026,0.012910762654939041,-0.0054628127053399055,0.0017358962821522753
2023-05-16,-0.006398107681917463,-0.000208618855692482,0.011619835501602983,0.0019335633003226245,-0.014776614414791786
2023-05-17,0.011820688622071574,0.0017873479525757575,0.0089762353989288,-0.0007390751916854932,-0.003880014587498261
2023-05-18,0.009400723063727155,0.0,0.01853695668501943,-0.0025176532621469594,-0.012293130260797066
2023-05-19,-0.0014469138806754414,0.01653294021042796,0.011989220141307225,-0.005824982238710198,0.011282876071055622
2023-05-22,0.00015502267980239146,-0.0022024833652357495,0.007286549248590394,0.004384526476817772,-0.001972886611210169
2023-05-23,-0.011285468768284297,-0.00991070247842851,-0.0056627215385795585,-0.0010816775529980448,-0.001216064382496189
2023-05-24,-0.007345512678305211,-0.018275793548859873,0.005662721538579535,-0.003830587378759216,-0.004879037635297988
2023-05-25,0.008719456079011883,0.0013827822099268393,0.02522363654818636,-0.0011517220146606885,-0.010087426800028507
2023-05-26,0.012964680931640788,0.015768598699006882,-0.0010493045529003464,-0.003061122858548678,0.0005145091760760677
2023-05-29,0.0,0.0,0.0,-0.00012872774100586773,0.0
2023-05-30,1.660313066576836e-05,-0.0106431635656988,-0.02929634158244684,-0.0014359146269737272,0.00712441162188973
2023-05-31,-0.006127358186214099,-0.017284407267465152,-0.017173643457937347,0.0023693153366323217,0.0030087604621398334
2023-06-01,0.009806215085853812,0.009337363428171151,-0.00800557577782457,-0.003535739673558048,0.007153928630061794
2023-06-02,0.014429812390107408,0.015361951938914275,0.02274380661190122,0.006114947257608808,-0.013026835665023308
2023-06-05,-0.002005591490657713,-0.007028142573898672,0.0005417371321639865,-0.005793991984985513,0.0028641465728216076
2023-06-06,0.002351130233850576,0.00046107926223443857,0.00162332383472619,0.001231044453519269,0.003823121771459306
2023-06-07,-0.003819293926420617,-0.0007709347860454878,0.02271914913857265,-0.0012845298458357445,-0.011667932951336448
2023-06-08,0.00616957160752325,0.0013434914067148003,-0.018672170683652636,0.0008775787233301165,0.010700777840001093
2023-06-09,0.0011474010230505239,-0.0018375933171477384,0.008312127075240741,0.007005755705541979,-0.0007132429056668153
2023-06-12,0.00927797498175416,0.0062048364978238004,0.005326302703991416,-0.002950108908663662,-0.003522608540493114
2023-06-13,0.006908570725908897,0.0071697968214225315,0.019464023425966117,0.001118733030584114,-0.005487371483662416
2023-06-14,0.0008190899801265841,0.006518067144035117,-0.011264030788210436,0.0024462092295930112,0.005487371483662365
2023-06-15,0.012104580493589997,-0.002484783093078691,-0.018076004882748582,0.004964585042939019,0.0012777594632126471
2023-06-16,-0.0036783764677510893,0.006780827500704601,0.01093785158488308,0.0094453390353827,0.0003064070167053769
2023-06-19,0.0,-0.007408781545974216,0.0,-0.00035019805065028125,0.0
2023-06-20,-0.004746353835236048,-0.004420132829608106,-0.010669602706506756,-0.0016290790607261115,-0.011762134766634989
2023-06-21,-0.005259086366925201,-0.004705846491319578,-0.0016103175374656436,-0.00036038907566404775,-0.0011372784228845022
2023-06-22,0.0037039303873345254,-0.0042377062499745904,0.02020807252157716,0.006595838504738627,-0.01071258172670636
2023-06-23,-0.007688288056502158,-0.007663294203480511,-0.015919662802095228,-0.0030732684689764585,0.003340482534468814
2023-06-26,-0.004496934363132171,0.0020953638822296394,-0.0053633758054205845,-0.004777632503592157,0.0023940761271535643
2023-06-27,0.01139073352418076,0.005751339274900949,0.013089484723688965,0.00034915070130469645,-0.00505509651683476
2023-06-28,-0.0003541393883898215,0.009130743156269147,-0.015512439946972635,0.004275092385421326,-0.0008885614102553915
2023-06-29,0.00446356811449,0.002285192104046859,0.038079706845877914,-0.0037840835446616475,-0.0016224510460784893
2023-06-30,0.0121943502618858,0.010144254067104614,-0.009122984005735435,-0.004389391468143035,0.0062136453694543944
2023-07-03,0.0011699930926736418,-0.00021369007483152959,0.01016031512399474,0.0036256293054998654,0.00031225960354315117
2023-07-04,0.0,-0.001629208191256211,0.0,0.0005127715237786305,0.0
2023-07-05,-0.0019702580976127164,-0.00921572637346465,0.022300012510175854,-0.002583028033271871,-0.0010933672637802037
2023-07-06,-0.007954061175894762,-0.029771990604964674,0.02404322134452484,-0.002609042610231512,-0.005694461811811971
2023-07-07,-0.002869212795733482,0.003194033229496491,0.0022247694930900624,0.0031316333957207934,0.009126768323334932
2023-07-10,0.002402138610626312,0.004688436805716503,-0.010923680495142807,0.007235687276283276,-0.0006231570554215221
2023-07-11,0.006719583998254874,0.007035039517138135,-0.006511423629652325,0.0032964262291078506,0.0032674088391857186
2023-07-12,0.007383905235389679,0.017092987282845713,-0.030355590998459112,0.0007375598559580265,0.012810414334619996
2023-07-13,0.008434482989627111,0.0071524571138781,-0.02624137540898528,0.011777095963888725,0.0015324108197861239
2023-07-14,-0.001024932196907484,0.0018995050016382127,0.015303752060453974,0.007056971456513566,0.00045927816023401885
2023-07-17,0.0038479695744204137,-0.009893952902017871,-0.00577734657591947,0.00038176749039734993,-0.003936082358076451
2023-07-18,0.007092066941428338,0.002965661194002529,-0.0021091220682673477,0.0008760804247072025,0.012622280219577665
2023-07-19,0.002355134827233639,-0.0017064106248808892,-0.012481885721065487,-0.0007750081239522248,0.0001517429045972916
2023-07-20,-0.006779827396257691,0.0026213802814989058,0.02949133837098779,-0.0021089211406578354,-0.004663169815610156
2023-07-21,0.0003240420146130911,0.004034208120797341,-0.004420810319858419,-0.006099333142796828,-0.002034278228194697
2023-07-24,0.004026038496874852,-0.0019101785864149145,0.005198924974974453,-0.0010575594390251743,-0.002038424953129538
2023-07-25,0.0028107195758387046,0.0018850493124216905,0.014159028655559725,-0.0056025324565005105,0.0009177681383586431
2023-07-26,-0.00015545097867591856,-0.010334893070345817,-0.01571586389972527,-0.0011498495492449896,0.0034597077644024344
2023-07-27,-0.006445393055197076,0.023038263301897104,0.040957017859394415,0.002522653382695378,-0.012007399562659367
2023-07-28,0.009829375810433848,0.00427646759274483,-0.010775691747081624,-0.009032288158556577,0.007680922504028945
2023-07-31,0.0014676354365687912,0.001076339511936557,-0.0025227032037241862,0.004136542263487282,0.005138771146053185
2023-08-01,-0.0026686453076827116,0.0,0.02297229734529883,-0.0024224200404568785,-0.015238610077067491
2023-08-02,-0.013936200638336184,-0.0306138725293198,0.006642895577801318,0.0009352352486126049,-0.0017018269642495524
2023-08-03,-0.0025512254502915274,-0.007376410753643586,0.026855383936806924,-0.00580624720349853,-0.0027911448212779625
2023-08-04,-0.0053141693739379705,0.006548247386015341,-0.031279113406938744,0.000678808663551108,0.0039260178715701454
2023-08-07,0.008983618964856572,0.0010587374982324721,0.004423729470131858,0.004654296286017525,-0.0031499215966817747
2023-08-08,-0.004227205100058866,-0.01127949076723534,-0.012833356087371363,4.3987404008198875e-05,-0.004873518808943379
2023-08-09,-0.007063619102045116,0.006618519215326829,-0.003483441884922971,-0.0040300518423631165,-0.004531822404694159
2023-08-10,0.00025068252108086326,0.015333508880772744,0.016807078698804215,0.0017110349162028462,-0.0005222204866973095
2023-08-11,-0.0010702648992294865,-0.014407439278885591,0.02133938781808981,0.0003623075742100826,-0.0007838424255554935
2023-08-14,0.005734004879419051,0.002057410553210885,0.0038313728748963897,-0.0033984892951348677,-0.0012031118637709465
2023-08-15,-0.011618139396096483,-0.009667350825793251,0.008804382481670373,-0.003157967124503774,-0.0042485053218494105
2023-08-16,-0.007584081792624527,-0.0010031226819647928,0.008727429391042157,-0.0005235270892915599,-0.0033696785716191323
2023-08-17,-0.0077428113775290805,-0.013261302826274858,0.011674237378173408,-0.0026897159765402793,-0.00634889183821112
2023-08-18,-0.00014871788395720285,-0.003525716283182703,-0.013319547333721798,-2.170477883410121e-05,0.0010609517869105895
2023-08-21,0.006855634859799785,0.0028253575835731413,0.02118084088649146,8.703551240746353e-05,0.0038101719353384462
2023-08-22,-0.0027813310465456837,0.008367519633631085,-0.0032295158038431306,0.0020903019933335067,0.0016360008536025392
2023-08-23,0.010984330710791359,0.0014776067204677684,-0.030497346915258614,-0.004751376251991785,0.011586265785144559
2023-08-24,-0.01354935398400801,-0.008106916350824585,0.008775149136327251,0.001758781883683745,-0.0001564098483359136
2023-08-25,0.006695501060295156,0.0009517150933247031,0.0009439958439537758,-0.006152814519424532,-0.0037082411186100178
2023-08-28,0.006245078594196461,0.013468045506158266,-0.00638978656152717,-0.00016206242353233513,0.0035518704503101632
2023-08-29,0.014404068712056505,0.007605527241984533,-0.0215990336940572,0.0026055993913908,0.009651369784435556
2023-08-30,0.003825854181192944,-0.0025828387441119683,-0.0009709192024359762,0.004024426701278006,0.004019820260445598
2023-08-31,-0.0015982129743398576,-0.004226506039100105,-0.0060894343501968415,0.005810180468786455,-0.003142358107314131
2023-09-01,0.001797512765518541,-0.0033729981132653414,0.01935698612013682,-0.008122741160144649,0.0008252180232353599
2023-09-04,0.0,-0.0006470111090656886,0.0,-0.006312829592228983,0.0
2023-09-05,-0.004202997821381205,-0.0025055395051361545,0.022510195148274164,0.0017254962677647017,-0.007035775353867591
2023-09-06,-0.006996014491432261,-0.007264370818862283,0.005141361113268862,-0.006348504572645787,-0.004214024777917077
2023-09-07,-0.003216433115732967,-0.004075942727755682,-0.007017510038449247,-0.00018239543948600666,-0.0003128457579778613
2023-09-08,0.0014256060622570594,0.003823490229915055,-0.0004696717271356976,-0.0024634271506727887,0.00046926375810114266
2023-09-11,0.006700951498135517,0.004037006321048285,0.007020906395632015,0.0018952427901443828,0.0025509680494884674
2023-09-12,-0.005712169023003997,-0.002838798237940858,-0.005612776128422049,0.003005598219411332,-0.006258821711373876
2023-09-13,0.0012408621175346041,-0.004439079802255564,-0.003523994358853536,0.00026886842534049965,-0.001151750325271196
2023-09-14,0.00839458553366625,0.01323516853201417,0.009136770487275693,-0.0017727594378955903,0.0004713280283196849
2023-09-15,-0.012234145842493929,0.0035685546653854445,0.007897815585151914,-0.00908269633529821,0.00714714748905865
2023-09-18,0.0007210276941755188,-0.011514077950279271,-0.0006944241619035038,0.002918822702197699,0.00404651357660179
2023-09-19,-0.0021533273615331264,-0.0007491683224881383,0.010594296754710237,0.0022856390003425054,0.00025883266612720474
2023-09-20,-0.009439204206291041,0.007813406250350053,-0.0036722085032228316,-0.0009939536517845262,0.007014664451038297
2023-09-21,-0.016536918318488084,-0.014935687971499812,0.02967712233172828,-0.0027202094957808733,-0.013661993139932882
2023-09-22,-0.0022982374027607495,-0.0012897504682848786,-0.009419180617645751,0.0007992186092448136,0.003225343940292486
2023-09-25,0.0040149942038066174,-0.009502703360652344,0.023163533302801496,-0.00122531937458651,-0.004580980852414224
2023-09-26,-0.014844165482264943,-0.009206286900447117,0.003516546703208428,-0.005352496698744066,-0.008488367011878772
2023-09-27,0.00022928777229479233,0.0006052638514459499,0.014808598068713492,-0.0020949525340855537,-0.015270736211994373
2023-09-28,0.005875877143000698,0.007205871591720677,-0.006288604763013054,-0.006090472631852323,-0.006002135474614082
2023-09-29,-0.002713259648289315,0.0031429372310835127,-0.00523450871265431,0.005424924814573403,-0.006633460391607215
2023-10-02,7.936440615299324e-05,-0.008909823462295524,0.023769514271059732,0.0002640607869730246,-0.009842104245885983
2023-10-03,-0.013839395863449198,-0.010212325296117085,0.02509355839499414,-0.008028972380780982,-0.002955195304593962
2023-10-04,0.008077047607828946,0.0010396049639443733,-0.014050752496451591,-0.0008067501641140518,-0.0033487861038289848
2023-10-05,-0.0013048811469951228,-9.766029746886448e-06,-0.003808748915831271,0.003314779770723716,-0.0010453767983573286
2023-10-06,0.011745642093961117,0.010824661001769173,0.01410399398366313,0.003758088703719646,0.007458615173471331
2023-10-09,0.006284068119387409,-0.007717211985847342,0.0027137083026529288,0.0019741653150437614,0.010490108470351069
2023-10-10,0.005194476099985354,0.02228088959332742,-0.030048752405225285,0.0010784244414369746,0.006198645369741984
2023-10-11,0.004283819500095073,-0.0010540472267274732,-0.012973245653132551,0.0024468013261512104,0.0063206856067081355
2023-10-12,-0.006266024940654918,-0.0006119336077325648,0.025143713533796977,0.0018362293444184133,-0.0018706079095983437
2023-10-13,-0.005031495660219892,-0.014904824582051016,-0.0177715212519247,-0.008273875947999566,0.03060790174466398
2023-10-16,0.010538642302589985,0.0033163871308154176,0.017771521251924643,-0.0014424022728840294,-0.003274031158004244
2023-10-17,-9.824987944376507e-05,0.0005926060630066426,0.028247558366648357,0.0031086493721078946,0.0008324968566677746
2023-10-18,-0.013490408251151898,-0.011251983578657289,0.011691176914349184,0.0017746511949462836,0.016813236521731816
2023-10-19,-0.008519032328057976,-0.0037895177763860163,0.01698385203043925,-0.0032722255890128117,0.006677383090401854
2023-10-20,-0.012665149196155915,-0.01618028287703506,-0.012913846054582595,0.004541865427760706,0.007137632114181281
2023-10-23,-0.0016869920654349177,0.004232378880227757,-0.017619789809185774,0.000328189985652953,-0.0031322401557761035
2023-10-24,0.0072395235196288195,0.005827022094041737,0.00041337712599010917,0.007515330568956494,-0.0006580360180047346
2023-10-25,-0.014443434657238052,0.0019609921008072293,0.02307871521436146,-0.007006876982751212,0.004597000160347399
2023-10-26,-0.011903081205584871,-0.005897082815376276,-0.022046265430693296,-0.0026558561409556923,0.0015611896722705911
2023-10-27,-0.00481183857862075,-0.008690738668405851,0.0,-0.000264123396465434,0.0007042731011225338
2023-10-30,0.011938474300285915,0.0034714733526201684,0.006172902411178841,-0.00019015336292734387,0.003814487522985263
2023-10-31,0.006454084821688244,0.008109393932352143,0.0,0.00496607740248526,-0.0055257086747362814
2023-11-01,0.010451194990191868,0.007504139545398624,-0.01779847592035194,-0.0033910961552048305,-0.0032290150880346837
2023-11-02,0.018682938934086474,0.018861966624124482,-0.0253766806766211,0.0007514310744385675,0.003430498125606122
2023-11-03,0.00934988354455146,0.0012103618834789628,-0.02406099778010487,0.003021869066246271,0.0029670004669155115
2023-11-06,0.0017514577241005862,-0.0038471639275386993,0.02256062899874108,0.010590070261934715,-0.004983536766927965
2023-11-07,0.0028360934017119537,-0.0012680495034120072,-0.019712558023741666,-0.0009869601713547505,-0.0074967054908099675
2023-11-08,0.0010044110324198868,0.006029912226353102,-0.010556582842814455,-0.0023773226566195147,-0.007809573743291399
2023-11-09,-0.008116690699068705,0.012062902714112924,0.0233814546104858,0.0013379671703129812,0.006486705243964605
2023-11-10,0.015495759270772258,-0.007557172403784962,-0.0004321304670650882,-0.0040084442563240764,-0.01621877893218127
2023-11-13,-0.0008361884413700847,0.0082638520793144,0.0008639713339323491,0.0021144041770807375,0.006652779492155402
2023-11-14,0.01889537047457725,0.013968059315330884,-0.04210916080819566,0.0010910067705588759,0.008343430595057662
2023-11-15,0.0015957382078471765,0.005532459506337228,0.020945477046301144,0.016357010041172345,-0.0008669641439555301
2023-11-16,0.0011897193967137305,-0.0030354212741498274,-0.020045142335526317,-0.002184097901422437,0.01206913677911117
2023-11-17,0.0012812279371779871,0.008867082948506477,-0.0009003347107747848,-7.600105306852202e-05,-0.0011600298000505828
2023-11-20,0.007363103793795633,0.00037777328238106534,-0.004287505966760473,0.004896069984269191,-0.001970058216140758
2023-11-21,-0.002022975931757968,-0.0024233072091353713,-0.0009049118296162256,0.0035620486609204824,0.010862615061766792
2023-11-22,0.004052905094313324,0.004633887316240414,-0.0004528711541318026,-0.002536177693585343,-0.00395922248666503
2023-11-23,0.0,0.0021346139105186492,0.0,-0.0025080369331155557,0.0
2023-11-24,0.0005966956096450322,0.002468741686334216,0.012601479225812796,0.0014168049098633336,0.005408630384414501
2023-11-27,-0.0019560693168983586,-0.004054304670000642,-0.018734366349674715,0.0031240227376338517,0.004783316372955456
2023-11-28,0.0009796385280502918,-0.0014685869896494917,-0.012149140580319549,0.0016424521405813044,0.013772846290545529
2023-11-29,-0.0009466966151019382,0.005163660504280135,-0.015104285795956962,0.004327051344560121,0.0036214312587581126
2023-11-30,0.003776931264994605,0.0027283073447294244,0.01878759347562347,-0.002934399365846547,-0.004406156206906349
2023-12-01,0.005856558953846637,0.008189940735569367,-0.029379684422811424,-0.0074670270195374205,0.016013593082084946
2023-12-04,-0.005423188063826943,-0.0008059289385832685,0.01456456920166436,-0.00035937594202320786,-0.022906437155782732
2023-12-05,-0.0005690315939348026,0.008529825616921389,-0.027664632548519936,-0.004638469420250361,-0.0027704839468059126
2023-12-06,-0.003913851944943747,0.006824029271536142,-0.012060009130668273,-0.004077545141317364,0.005927406833356961
2023-12-07,0.007936610684821922,-0.0021189501145085494,0.0019394851753174692,-0.0025009224510818134,-0.00029552536040616107
2023-12-08,0.0040871341465037936,0.011012581705042667,0.027706500630285548,0.002360648944021793,-0.01568969924387106
2023-12-11,0.003916813547781492,0.0037248088108867623,-0.001414437329924287,-0.0024467931186417952,-0.01021061033941788
2023-12-12,0.0045888127956924,-0.0007888415273407976,-0.007815313565545195,7.529351741870235e-05,-0.00010109265866683018
2023-12-13,0.01355834517501981,-0.0014161386787393123,-0.04200152790936008,0.0029760816224084843,0.0022726708042306704
2023-12-14,0.002643565185154432,0.001978139044633524,-0.025871071131754218,0.00806654911765613,0.0238764749712153
2023-12-15,-7.625240044859478e-05,0.0022621282550575788,-0.0005090591736015014,0.009823959841428205,-0.0044923807443041424
2023-12-18,0.004518122263400515,-0.0062421989064748076,0.006597340089522262,-0.008985279259387994,0.0025695884133355284
2023-12-19,0.005849267450818904,0.0031513243326562104,-0.008126013517036257,0.002618234905509399,0.005953704386447858
2023-12-20,-0.014793147965305628,-0.0003484485300007908,-0.011540027471538879,0.005224244187125721,-0.0019151099131709602
2023-12-21,0.010248769307271876,-0.00197820525032551,0.00437523786981183,-0.003223207515873198,0.0022584336059977327
2023-12-22,0.0016586821527610754,-0.0007493975052559615,0.0017960157268873689,0.005509994507838045,0.008788749383462259
2023-12-25,0.0,0.0,0.0,0.0018507322966524104,0.0
2023-12-26,0.004222761046978559,0.0,-0.0038526065420366406,-0.0005732601708578364,0.0005345192470838028
2023-12-27,0.0014294356164229985,0.0015270240361670508,-0.02527818875224114,0.002062891339460544,0.011449100696166307
2023-12-28,0.0003701061103271183,-0.0030964023259527737,0.01597098243142868,0.005925594861729413,-0.0038500458433421737
2023-12-29,-0.0028304770367338357,0.00160911844532826,0.004147240976166879,-0.003648070996618757,-0.0055605396969713086
2024-01-01,0.0,0.0,0.0,-0.0011173031398486696,0.0
2024-01-02,-0.005676660799723162,0.0,0.020482068230178094,-0.0015466483428338857,0.0009692741355228508
2024-01-03,-0.008048618327197648,-0.016393193087449243,-0.009932600063967059,-0.008825030908954975,-0.014736982781769346
2024-01-04,-0.003434271663317429,0.005801289021334965,0.02127197762417651,-0.0012793338874625213,0.0039740504436172235
2024-01-05,0.0018240216394339805,-0.002349646295936879,0.01269776338523294,0.0017937674187858852,4.895124937695209e-05
2024-01-08,0.014015945436353141,0.004910109321252067,-0.00994537374069076,-0.0004706370138586311,-0.007766098913480239
2024-01-09,-0.0014789938523175842,-0.004090427822641345,0.004238928815357137,0.0008647516893451855,-9.866823194536253e-05
2024-01-10,0.005649980650495912,0.000405109278220667,0.0027332992648305245,-0.0017616554045898074,-0.0023221142671955622
2024-01-11,-0.0006712808369611647,-0.005992480505480919,-0.013238662274256735,0.0038995772423958907,-0.0036669527431482853
2024-01-12,0.0007506937530339595,0.008459805270973134,-0.006812174761101526,0.0005927674404056253,0.015956951403282443
2024-01-15,0.0,-0.005672246664618736,0.0,-0.003278136931587735,0.0
2024-01-16,-0.0037383190523568345,-0.0018358022926535354,0.028944120468521142,0.0,-0.010165310319773104
2024-01-17,-0.005632731271107821,-0.009815152323255154,0.009789594136602018,-0.006132515484610603,-0.011617081726109013
2024-01-18,0.008766720726243148,0.011284897019746705,0.009212212254692062,0.0006419301064366271,0.007957865627687473
2024-01-19,0.012238308232548512,-0.0009480529807431615,0.0004824740867312032,-0.0006093855084178445,0.0039059773581561485
2024-01-22,0.0021919211872316853,0.007053275392585128,-0.01262153823629803,0.001208331125892878,-0.003311646301174295
2024-01-23,0.002917115340764486,-0.003221397272694274,0.011656357169221906,-0.0011103749904406092,0.0019289741822805175
2024-01-24,0.0008115989762168653,0.021750467478766782,0.008653845878739387,-0.002054265784688464,-0.004854342213876016
2024-01-25,0.00524657813497798,0.003968771633690823,-0.01107111287134235,0.002195704525871863,0.0014885385122534204
2024-01-26,-0.0006519977554263648,0.011545367544870408,0.006753493721665185,-0.0031940891678824117,-4.9570163444326434e-05
2024-01-29,0.007528365505246204,0.0008387536230356246,-0.016725579064451025,-0.00032535760494948154,0.004156315901078261
2024-01-30,-0.0006008303969786162,0.005018325159584585,-0.00785281691292975,-0.0008346524768681695,0.003105999442300761
2024-01-31,-0.016236851740733683,-0.003071668022584227,-0.02292649816060078,0.0008237687543271816,0.008284516486208303
2024-02-01,0.012416286114049784,-0.0021104357327039183,-0.026566081496177472,-0.003647544052697876,0.0022431851049437793
2024-02-02,0.01062777072263312,0.003432576222180415,0.04306645204025855,0.006525183225310071,-0.008265936631712222
2024-02-05,-0.0031914247092839714,0.00015472154322751549,0.031965644998255896,-0.008737607110913186,-0.005120905671782916
2024-02-06,0.0023077459317481074,0.00761817591241759,-0.01793115163548295,-0.0035510454839929734,0.004334792726306237
2024-02-07,0.008207682594008628,-0.0025657171931546038,0.004878053631136859,0.0014296890422369148,0.0003439817122514089
2024-02-08,0.000570420540090595,0.0068010796960495485,0.014492993113220902,0.0017226241286986182,-0.0014751441294395143
2024-02-09,0.0057259171287955156,0.0010799876050881833,0.00406838464307789,0.00014004449588293628,-0.004389060106493958
2024-02-12,-0.0009494041426524416,0.006442480771037912,-0.003588918069597444,0.0019417861621718751,-0.002523865081532603
2024-02-13,-0.013768609419845444,-0.012096915448680433,0.03393352318038703,-0.0024050255479935757,-0.012615124246704407
2024-02-14,0.009534168304216807,0.004243328107214779,-0.011417993166634674,-0.00589655284375755,-0.0013054709316034623
2024-02-15,0.00580437267404004,0.0071833372352941875,-0.006347835431553047,0.002165564317311912,0.005911211825204104
2024-02-16,-0.0048150435759610425,0.0047282465679437235,0.012888357937351805,0.00388170040799465,0.004684094906416618
2024-02-19,0.0,-0.0005415372184494186,0.0,0.0010241725388866125,0.0
2024-02-20,-0.0060234264658172495,-0.0005859365153573021,-0.004667448502757185,-0.0008841038873163796,0.007922794599725029
2024-02-21,0.0012634014951035982,0.003152460651384006,0.011627971586400805,0.0034974498351770826,-0.002568005317217988
2024-02-22,0.02090288866640342,0.016624315634924388,0.00046239757877227476,0.0006706143712430367,-0.0012865403339371805
2024-02-23,0.000347887026502183,0.0035382613659971614,-0.015605279852659311,0.0004870568217987158,0.009314324420003009
2024-02-26,-0.003793939244668484,-0.0017007099348709204,0.00911317381340064,-0.0005195577476647977,-0.004966682111913958
2024-02-27,0.001704895538720964,0.004400033500976596,0.00371494997340727,0.0028497835192923576,0.0027076939620032797
2024-02-28,-0.001659531321112244,-0.0004033395368354546,-0.009547141627693372,-0.0005640750300102595,-0.0004917629801586159
2024-02-29,0.0052154704557999644,-0.0012293143769522145,-0.005160769780659959,-0.0005529550220347515,0.006227470697706523
2024-03-01,0.007975936433387976,0.0034974948147723146,-0.017078220918513676,-0.0031275423260024677,0.019939659139843434
2024-03-04,-0.0011939745749630112,0.003682806792534105,0.009286895122697711,0.0034852552521659795,0.014650906546489963
2024-03-05,-0.010245406275917994,-0.004048571390279908,-0.019627192826734273,0.0011500159935793875,0.007433252615668022
2024-03-06,0.005127932853001643,0.004571608690867364,-0.008008777588673039,7.59911547539199e-05,0.00784356635087546
2024-03-07,0.010251402284983627,0.011877126467884283,-0.002928280222793337,0.004002993860566666,0.0035744768391498196
2024-03-08,-0.006549922992050337,-0.0026391391265181315,-0.0007333535292441905,0.004632161004990791,0.009500646655496024
2024-03-11,-0.0011228682680281005,-0.0062053171858311214,0.0036616337520375512,-0.0006567834304138422,0.001788495240181465
2024-03-12,0.011139512586668012,0.010648132873820892,0.012350348626161875,-0.0010609555545411638,-0.010177664197878154
2024-03-13,-0.0019263840021219723,0.003475573174349251,0.008865447286064226,-0.00032786603029042014,0.006919166252700285
2024-03-14,-0.002875221051495188,-0.0014868789797707691,0.024971839292039246,0.0025165550941543685,-0.0057163638155206895
2024-03-15,-0.0065040228597376655,-0.0014229881045971433,0.001395034434403345,-0.006584324557311425,-0.0026386845425951824
2024-03-18,0.006298184238480456,-0.0006540928965735204,0.008329583455504849,-7.623792150198477e-05,0.0015747582428707817
2024-03-19,0.00563325304434312,0.0050367362836225785,-0.009957294457603839,-0.000794052298820581,-0.0020384080923120792
2024-03-20,0.008864765516360184,-0.0015207213988176274,-0.005600987501482045,-0.0009782543487731165,0.0007416687251718953
2024-03-21,0.003231309094528888,0.010345653809794922,-0.00046813088829916646,0.006780030280211767,0.01128966261576579
2024-03-22,-0.0014031718343267125,-0.004197009239508946,-0.012486903741395636,-0.006866944757079783,-0.011196893703511956
2024-03-25,-0.0030596403820319297,0.002588507493706118,0.00826349846372947,-0.005059854735420729,0.00770847852509448
2024-03-26,-0.002803721982805726,0.0039551896503698366,-0.004477343780833465,0.0028355898951227965,0.0003678047123048936
2024-03-27,0.008593595582706042,0.003461504805401406,-0.009015507193573505,-0.000541735721696503,0.006870990033479146
2024-03-28,0.0011158627007616052,0.0003304793017460749,0.0023803277374945964,-0.0017533000294245103,0.012159770828042574
2024-03-29,0.0,0.0,0.0,-0.0017503055199580492,0.0
2024-04-01,-0.0020156145269577246,0.0,0.028824525669798127,-0.00016180108386803512,0.008576849575533693
2024-04-02,-0.007265388203672426,-0.00818141928598455,0.008281569277215331,-0.005156421839743476,0.010895049405066982
2024-04-03,0.001090527523337898,0.00539004890070817,-0.0022935221717213707,0.002914025833319365,0.014664135564459967
2024-04-04,-0.01241103561926225,0.00029778386235384575,-0.01061875250929663,0.006460427276889821,-0.002443644773025144
2024-04-05,0.011038050135699558,-0.011107091806120012,0.015886087259826043,-0.00011923458450640673,0.015993363911782323
2024-04-08,-0.0003747011900415767,0.006222150579769654,0.010452266498054481,-0.0006067326380173935,0.002576546332762105
2024-04-09,0.0014444494736345207,-0.010989485647470758,-0.013196917613477358,0.003058958337697158,0.005047944048811655
2024-04-10,-0.009501981832212592,0.001987679625062617,0.04347531265870044,-0.0004019198697015849,-0.005948917440644637
2024-04-11,0.007417221983342437,-0.006852270044470401,0.0035026897829055137,-0.010886717095524747,0.010759197967561912
2024-04-12,-0.014657587802248536,-0.0023525055927869996,-0.016970134791739113,-0.0013847416017447754,0.0005943121990892287
2024-04-15,-0.012094195787459195,0.005929942472825358,0.028269596379223612,-0.007225148247919505,0.00406612066202905
2024-04-16,-0.0020586245275039964,-0.01363247878193255,0.006676053291935763,-0.0022446258334513653,0.010511806622644015
2024-04-17,-0.005797375076004185,-0.0005818974052021003,-0.01601070161189534,-0.000403625498250325,-0.00802108139040866
2024-04-18,-0.0022106017004853043,0.004556017519498913,0.013431700775993646,0.004503013980535367,0.004459451082454631
2024-04-19,-0.008797129654056974,-0.0037505104698714086,-0.006909996444755466,-0.0023658880343129613,0.006735379565596977
2024-04-22,0.00869335115683908,0.0038072837945740956,0.0017320580024078318,0.00132077743040315,-0.02798980048135961
2024-04-23,0.01189356656772209,0.014343067536379612,-0.005422439235679517,-0.00039422626838334047,-0.001931372558694458
2024-04-24,0.00021298737793290078,-0.003658725416005181,0.011675786869912632,0.004709463664304997,-0.0013756724603899396
2024-04-25,-0.0045869342701194095,-0.0102469790890893,0.011541034695399056,-0.0004173729458229782,0.0022774857931127522
2024-04-26,0.010157381332325343,0.013642135540915394,-0.007893310838819521,0.002775201791036396,0.0021438073190774686
2024-04-29,0.0031734080766393944,-0.005158283124682036,-0.011849821998672645,-0.002122318925900117,0.004529666146779777
2024-04-30,-0.015855551118928123,-0.012092200318544855,0.015484186553311017,0.0008247938079739085,-0.02329297954868033
2024-05-01,-0.0034413534856316866,0.0,-0.019610602259967722,-0.004597165828774006,0.0037026594091494527
2024-05-02,0.009087024725084856,-0.006239498773871557,-0.005236689099775983,0.005143796890728481,-0.0003043861623244103
2024-05-03,0.012478557659508005,0.006292282180844343,-0.015654624271457928,0.0010728188714235368,-8.696932457233537e-05
2024-05-06,0.010273173691247842,0.007183347420119726,-0.002447471817777898,0.0023316917706926814,0.00978239943094232
2024-05-07,0.0013425282288256131,0.01186011707587141,-0.005808779484066701,0.0008717944924890549,-0.002760589407145369
2024-05-08,-5.835635193424912e-06,0.004390146598918635,0.00647691433071319,-0.0015815538797213848,-0.0006912606128823438
2024-05-09,0.005078032639106711,0.0,-0.009618734561506912,-0.0003331609149222311,0.007964395898361993
2024-05-10,0.001648040080166728,0.009267871883524877,0.012286607094677581,0.003552685995199825,0.01498089474872309
2024-05-13,-0.00024133317386520824,-0.0012042687560512148,-0.005119708452576109,-0.0013687557229370368,-0.013267171767020015
2024-05-14,0.004826148527454041,0.000261845733218333,-0.00806631630088769,0.0021457068323342014,0.007378135479851928
2024-05-15,0.01164782778729962,0.004048621340292174,-0.020225714774411544,0.0019447012704893634,0.014888214910604233
2024-05-16,-0.0020838374740880464,-0.0055930015031367105,0.004809332280088948,0.006934418446712236,-0.0036487767790969396
2024-05-17,0.0011640956878937513,-0.0016396165146736865,0.009776188260153272,-0.0020233852741519107,0.013438686241467436
2024-05-20,0.0009159703084911664,0.0,0.0038387134795023225,0.0007065954020106566,0.008955695038778591
2024-05-21,0.0024987497668926086,-0.003392285167039019,-0.00519711121759632,-0.0013476122728719713,-0.005025116242057949
2024-05-22,-0.0027097912093521476,-0.004332803747734709,0.004520799022848169,-0.0005211701182829347,-0.01351119128257647
2024-05-23,-0.007408162283471933,0.002470528905944386,0.009204215780226167,-0.0027643117547025264,-0.02294667031813439
2024-05-24,0.0069766490766732595,-0.0004348137022701413,-0.0017892863377330314,-0.00115750095218525,-0.0010712373814988035
2024-05-27,0.0,0.004713422762830161,0.0,0.003227302320858273,0.0
2024-05-28,0.00024877090688591537,-0.005718823029148815,0.016650359291596695,0.0013134725606132052,0.0096849750810076
2024-05-29,-0.007394317215742535,-0.013438850257064728,0.017892743675129767,-0.0009228747019577188,-0.0063464816760843545
2024-05-30,-0.005992957535754186,0.0038168481853401194,-0.01525420118223009,-0.004622998667696261,0.001110289464388048
2024-05-31,0.007995824231928897,0.00029897020128708213,-0.008822280988381927,0.003104909521282527,-0.00857307357068379
2024-06-03,0.0011154602235352391,0.003979117988467965,-0.02512469303534802,0.0016266164009212727,0.010151150585457774
2024-06-04,0.0015016810037827531,-0.01007749305245639,-0.015106715619309272,0.004993990868639649,-0.009032443941432378
2024-06-05,0.011778015849957281,0.01647645435686486,-0.010898642679914236,-0.0023423607924120534,0.012223460620860391
2024-06-06,-0.00019983660163685183,0.0066166524580626674,-0.0018669542979185196,-0.0006743892561967788,0.00685801971176186
2024-06-07,-0.0011158420502790662,-0.003513656302107009,0.0342128860657449,0.0018284745320394033,-0.027849130615993235
2024-06-10,0.002577529978240972,-0.006919138548923709,0.008765093914748267,-0.010662943021032207,0.0010839169709689002
2024-06-11,0.0027067148552095224,-0.010297095887407626,-0.014651464537262288,-0.001357260455041113,-8.664897474244984e-05
2024-06-12,0.008467720241887338,0.013868954379375496,-0.025061601485131303,-0.002225800503826749,0.012275377571110555
2024-06-13,0.00234191143711672,-0.019846362254911185,-0.013360133156125876,0.0067570780683288145,-0.015444010517410593
2024-06-14,-0.00039393828099749413,-0.019716937633001842,-0.005916499603203433,-0.006896604999001071,0.013472849167638714
2024-06-17,0.007635164372320518,0.008494218484749804,0.015544351528228787,-0.0034198826115551654,-0.008182999621581656
2024-06-18,0.0025181541815171163,0.007156152643216412,-0.014595315394928716,0.0035917077512611435,0.007753980763100305
2024-06-19,0.0,-0.006125978409480486,0.0,0.0001503782682153156,0.0
2024-06-20,-0.0025291273954115403,0.012667441630553422,0.008735784144282556,0.0008597736998856827,0.009991179448078678
2024-06-21,-0.0015633517188252497,-0.008205029002267376,0.0007049189593111783,-0.0042057311718622144,-0.016016849994939065
2024-06-24,-0.0030698791558664423,0.00886168024866337,-0.002116361613639189,-0.001743605181274369,0.005854053366742159
2024-06-25,0.003925873679181344,-0.003036280523263092,-0.002356878020051157,0.004198394017140161,-0.0057676319065113404
2024-06-26,0.0015711962247204525,-0.004066277649555844,0.01823760381696191,-0.0021549847749991156,-0.0075394205654809275
2024-06-27,0.0009069098567990731,-0.0027172781095627456,-0.006508595182583237,-0.002759294299526374,0.010943747042885628
2024-06-28,-0.0040920134623695995,-0.0017516409161895384,0.012744889942739507,0.0026522078836921812,0.0013756724603899051
2024-07-01,0.0026719909814295235,0.0073229515559713855,0.030834489044959723,0.002498179976998341,-4.2898852745440194e-05
2024-07-02,0.0061762057711850496,-0.004810783124203133,-0.009646787415469734,0.00017177131184862907,-0.0019782819678747557
2024-07-03,0.0050715622695336636,0.012048149009733508,-0.018428425565992366,0.001052856180220774,0.01571743658704651
2024-07-04,0.0,0.004356395185653905,0.0,0.0041682348697401434,0.0
2024-07-05,0.00543397436096954,-0.0016233472356817203,-0.019242551423248145,0.0016094691090687886,0.012088663472560882
2024-07-08,0.0010161824764044329,-0.0019217710191512104,-0.0007024429749344661,0.0014172852076074353,-0.01403992502750996
2024-07-09,0.0007407974780654752,-0.013411918247340945,0.007235446770501833,0.0004547759228130968,0.002078403578812869
2024-07-10,0.010156314878105886,0.0112021162749441,-0.004662008442114028,-0.0014935765778125393,0.00511374163037859
2024-07-11,-0.008801649969266724,0.0034766089080242655,-0.02053662863637889,0.0017101581900879357,0.017881513074975274
2024-07-12,0.00550186402496512,0.013352655905351268,-0.0009543570510969256,0.003635807059775768,-0.0004141644291962591
2024-07-15,0.0028222164233526843,-0.011950946178594815,0.009503507212270824,0.0011749830043508219,0.0036800068503831792
2024-07-16,0.0063690499714532745,-0.007105054260695843,-0.014769271640623374,0.0014706445837825762,0.016171314917783012
2024-07-17,-0.014025441523645543,-0.011458292968303977,-0.005052316567114574,8.714869009926246e-05,-0.00309113301982428
2024-07-18,-0.007847112145350072,-0.004372217934819051,0.010318080995467079,0.0034511861306799033,-0.0012228428297097356
2024-07-19,-0.007165879226406085,-0.008843677192443505,0.011865282547523915,-0.0035383348207792247,-0.02323049125293214
2024-07-22,0.010734217246220293,0.014437683330697176,0.004941858535013359,-0.00021806902047437983,-0.0014621412526544951
2024-07-23,-0.0015593176939461904,0.003945265021774662,-0.004941858535013379,-0.0008607103043199634,0.005253774082549602
2024-07-24,-0.02342124222289286,-0.011234710998652352,0.011026489064824277,-0.003598023824621103,0.0036115155414233003
2024-07-25,-0.005155889019717259,-0.010460045343915961,-0.007024082640460861,-0.0010302791156022808,-0.025771655108934748
2024-07-26,0.011029420409570924,0.010589592616549555,-0.013245282022499215,0.0010845501051680547,0.011877017079959726
2024-07-29,0.0008129795718284517,-0.009735641697770601,-0.005251823133191911,0.0002279279649853626,-0.0011350772219737724
2024-07-30,-0.0049725143613676215,0.005304243710763195,-0.008412463262813573,-0.0031643268838695902,0.011584493096314897
2024-07-31,0.015669980701917767,0.006576128060007685,-0.008240453446674229,-0.0003137327528508791,0.008899986305409351
2024-08-01,-0.013788123791990166,0.0,-0.03290343348977998,0.000724951551994476,0.0034968666714193194
2024-08-02,-0.01855290660855327,-0.049263242343810375,-0.047382707564233115,-0.003360575274129946,-0.003826634135013617
2024-08-05,-0.0304270413923931,-0.014570922270945388,-0.0018476894136181534,0.011358892636365093,-0.00994332279261066
2024-08-06,0.010300849493599515,0.0007915575583291345,0.02684897997568409,0.0036727188635254445,-0.005260032745343863
2024-08-07,-0.007764715388769489,0.020088748403058798,0.020367283537785327,-0.002264177736969769,0.0005857822224360302
2024-08-08,0.02278113959089888,0.0001456978324716162,0.007281901400623601,0.00017476919764657832,0.013173648862206806
2024-08-09,0.004660798434381699,0.0013997298454615982,-0.013855888006751903,-0.001135781683557143,0.0040789238864625725
2024-08-12,4.30330517200971e-05,-0.0007274728611604624,-0.008406620155856567,-0.0001747493716200307,0.012381322610815695
2024-08-13,0.016707233419049988,0.004919521290136628,-0.014689072876711257,0.0020538861067455733,0.0017447607257966857
2024-08-14,0.00381643656119841,0.006936638341464222,-0.008342088297944828,0.0055381610934357155,-0.011129137775200023
2024-08-15,0.01600448993130413,0.01681566840011104,0.027370720832637502,0.0014746939005724669,0.005600503269123787
2024-08-16,0.0019878023683961516,0.006788793796285628,-0.008697971943104708,-0.003682672252913738,0.01837804343675201
2024-08-19,0.009675327436177775,0.006361297976109502,-0.006444114772335378,0.0047515321311987135,0.0012798782157230325
2024-08-20,-0.001986527237609709,-0.0028430673908748506,-0.01275229347415152,0.005561019879638232,0.0037900744796478744
2024-08-21,0.004230714721006796,0.0056861706015265915,-0.010531945910245874,0.0037320558476400963,-0.0011555060403106994
2024-08-22,-0.00897294225665722,-5.7272700982724e-05,0.021990381167491083,0.0024622620655040902,-0.011830186756921601
2024-08-23,0.01141793740166443,0.004941750031464696,-0.014343724184155759,-0.0034299728738610585,0.011830186756921704
2024-08-26,-0.0031587101696058145,-0.002551580839521194,0.002885288926910536,0.006345743377981329,0.003700706198852698
2024-08-27,0.0015939251127232035,0.0004266959809066241,0.003921026181833779,-0.0020788509279929717,-0.0006754281156969496
2024-08-28,-0.005993900794735212,0.0029046650196199453,0.0020849982523059598,0.0011842694816812614,-0.005979686942712076
2024-08-29,-3.937984343658622e-05,0.010778243567615373,0.006746269040011819,-0.004750552482151741,0.009827580801596993
2024-08-30,0.010042457079144168,-0.001670663473956263,0.011314059927220772,-0.004008112199441408,-0.012710561536922458
2024-09-02,0.0,0.0030389245164890314,0.0,-0.0032191761828712752,0.0
2024-09-03,-0.021377963372397696,-0.012250267887642096,-0.017279581781157856,0.0020453785580929677,-0.0015651613535240963
2024-09-04,-0.0016038290273809634,-0.013183639361929343,-0.019969190557517533,-0.0016808504021881394,0.0014046919562063706
2024-09-05,-0.003022581014674196,-0.006836235916002771,-0.009868046923559554,0.0028546480269664664,0.0071931259247034075
2024-09-06,-0.017410944507424406,-0.016139395537639593,-0.005644393023413094,0.002762948065971709,-0.007152981683501989
2024-09-09,0.011513534435818254,0.008532423577505796,-0.0035101997242005674,-0.002153233494915558,0.0033231463116611603
2024-09-10,0.004462699977793541,-0.006605193474563248,-0.013891036031334238,-0.004491381464581687,0.004188195346663044
2024-09-11,0.01060855564984334,0.0034444911009450232,0.0019181285171924224,-0.001499998659979876,-7.959205722123827e-05
2024-09-12,0.00746735215680267,0.010545470850125138,0.007363990658179185,-0.0009143102407975252,0.015444721969289848
2024-09-13,0.0053931422343560355,0.0061938360156710195,-0.008185576598920169,0.006063349541865521,0.011729349341314652
2024-09-16,0.0012558408673102855,-0.003383169927911434,-0.007976948716807056,0.0009531874092983568,-0.0003487790851909712
2024-09-17,0.00026451509389645083,0.006843234926443334,0.005782725301868248,0.003699262354885196,-0.00625883189495714
2024-09-18,-0.0029006587083132912,-0.005255740505223812,0.011737539805835352,-0.000578565328448507,0.00249266043134922
2024-09-19,0.016834356892725128,0.02210614989775073,0.014815103863012019,-0.0007449134913267066,0.006707160271705417
2024-09-20,-0.0019429136300157343,-0.014639167163534342,-0.0032137371065136234,0.004232548367000081,0.01225073519220459
2024-09-23,0.0028053344257131223,0.002875809542380012,0.002946341060392528,-0.00010050347335537372,0.002516049581020544
2024-09-24,0.002508031103345345,0.011225186617893556,-0.0008026812266215403,-0.004409974978157959,0.009360187860914403
2024-09-25,-0.001862983206212128,-0.004834868430786214,0.011972961468991133,0.00712578174023549,0.003012958044237874
2024-09-26,0.004030542158199222,0.023258486459007483,0.0026413091803000324,-0.0053908146634261515,0.004015674633472966
2024-09-27,-0.0012540029000721238,0.006903039959823274,-0.01114065026619078,0.004138093124158529,-0.00963458348443632
2024-09-30,0.004227603658441509,-0.013309823596349748,0.01403809901958314,-0.0006591266714528767,-0.0031058092325682647
2024-10-01,-0.009367848694454447,-0.00930235798377771,-0.015639819030780763,-0.0029778807029176247,0.01176615388576509
2024-10-02,0.00013838132698647728,0.0018432457086897513,0.011158472490415686,-0.006549189271602771,-0.007602005078805537
2024-10-03,-0.0016828286544586894,-0.008490000117271444,0.017027213962983345,-0.0013930498135304333,0.003770601213994833
2024-10-04,0.008930255699186382,0.006806211851521695,0.03345990707408644,-0.0011704967526170221,-0.004261843753354774
2024-10-07,-0.009632263829388773,0.002976433542894137,0.011240302299674838,-0.005546439110082104,-0.00037802895454220627
2024-10-08,0.009642706804694385,-0.0041759444756347625,0.0017371810967968864,0.00010970371752365722,-0.011331369029670978
2024-10-09,0.007088231016994585,0.006760250929243444,0.008395091352439049,0.0,-0.0034476188142327953
2024-10-10,-0.0020722685059824846,-0.0024575701040490693,0.007105329882728373,-0.0029590431965937944,0.0055868577505378105
2024-10-11,0.00603360870729872,0.0067333728589331465,-0.005631117807361777,-0.0008642155597103411,0.014020160169731887
2024-10-14,0.007678114574594323,0.007384822684376072,0.006119244490697534,-0.000775923506742071,-0.0036943716604866234
2024-10-15,-0.0076385660375134215,-0.018879664062902368,-0.014749515575756439,-0.001484810288522294,0.0051231384715043505
2024-10-16,0.004668232782779766,-0.007715578070293058,-0.005463215246049478,-0.002299151620178001,0.004723215245810717
2024-10-17,-0.00017117512853816633,0.007830763537034923,0.019724604138470294,-0.0019897641570457317,0.006337393065017404
2024-10-18,0.003963686942774387,0.007846205434682998,-0.005631117807361777,-0.0030369451370040068,0.00840012761358353
2024-10-21,-0.001824432756419033,-0.009075831424772472,0.026409821890309406,0.0036018577389630843,0.0034579737223619676
2024-10-22,-0.0004749666671957937,-0.0003866505584082857,0.005246812789703134,-0.004684178358743221,0.007718602631013913
2024-10-23,-0.009233824267679564,-0.003399007950810881,0.008998428315434057,-0.0019021563077478245,-0.01091867720094922
2024-10-24,0.0021434731305568283,0.002617244469250945,-0.00995040054648285,-0.0015536373352375663,0.007523937915991553
2024-10-25,-0.00029949201318627087,0.0015467164035047152,0.007590184933753688,0.004040108121261029,0.002191461563702766
2024-10-28,0.002647934626732945,0.0053950398964513705,0.010810917315766085,-0.0025512817216714694,0.00072942126259476
2024-10-29,0.0016128259449012198,-0.0039940290898221615,-0.0009353859572559651,0.0018695482944515605,0.009253781457162933
2024-10-30,-0.0033056916724881185,-0.01306881599411894,-0.0018736244066721898,0.0003570095333019306,0.007234316137240295
2024-10-31,-0.018790134928745348,-0.011967165192126294,0.004210562124155156,0.00355552811789075,-0.01816650912342701
2024-11-01,0.004084158004525459,0.010328408231948121,0.017814268970302558,0.0024788833789448966,0.0001095688511384859
2024-11-04,-0.0028160448131902913,-0.005272426914149008,-0.01199554068146346,-0.0010661677399958194,-0.0009132920834320161
2024-11-05,0.012191031029563081,0.003750091593037791,-0.0046522486353741885,-4.3521069384201406e-05,0.0015338367843668287
2024-11-06,0.024981280957186654,-0.01441457775630109,0.031442654807781564,0.005539332429711126,-0.02688819289182318
2024-11-07,0.007403754173995657,0.01063560408340948,-0.019391513575835455,-0.01858962293453205,0.011479740190580862
2024-11-08,0.0037497940357180464,-0.010192035109246536,-0.008095301789178973,0.005769485943921089,-0.004047575121093911
2024-11-11,0.0009685941909569238,0.010618539629500863,0.0004643266782078668,-0.0074639193703969955,-0.0288015263656269
2024-11-12,-0.0028968514769364996,-0.022783157844132054,0.028377205934645777,-0.004724823568674232,-0.00429842206071789
2024-11-13,0.00023220076414018386,-0.00091725551944117,0.0042778524330183585,-0.004479643966715406,-0.00741199771886598
2024-11-14,-0.006068108582244,0.019468175006616968,-0.007441682950411759,-0.004966864548694718,-0.004894201906120731
2024-11-15,-0.013291430866793769,-0.008034559510198486,0.002260853738231439,-0.003227449035962479,-0.0009739185590534588
2024-11-18,0.003910159746206537,-0.0009431267401133765,-0.003166693203343335,0.00034760225258057047,0.017348790536743833
2024-11-19,0.003955750520596487,-0.00819579110374456,-0.007960885107743208,0.005789229842806905,0.006300496006653572
2024-11-20,2.19506213354446e-05,-0.004539646200055441,0.006146849043964574,0.0011979117760981743,0.007999532098494133
2024-11-21,0.005326251844288491,0.00550736871088285,0.005883706046283812,-0.005806694288349814,0.008984571185138249
2024-11-22,0.0034619595915364653,0.0069670921890038675,-0.004976330736766167,-0.0073132804671590685,0.014046981134497769
2024-11-25,0.0030159278201245415,0.0022505161455339344,-0.03343250521935031,0.0010054927377039545,-0.03495948190340738
2024-11-26,0.005705697155263866,-0.007923161306142222,0.008637891847280723,-0.0034002086829326983,0.001336617767776714
2024-11-27,-0.003808481083577712,-0.006074775160113917,-0.014045161063514134,0.00448025683300722,0.007452166991228204
2024-11-28,0.0,0.005373071887992752,0.0,0.006768694192798784,0.0
2024-11-29,0.005592120396801623,0.009568150321566472,-0.015202223679674812,5.281773593705406e-05,0.006456666117155565
2024-12-02,0.0024454638805813736,0.008772102350603755,0.004299057428287872,-0.0016992399754418089,-0.008352473231234763
2024-12-03,0.0004513472420221813,0.006535550609443511,0.006414073523540679,-0.004167117568172117,0.003712425318383127
2024-12-04,0.00603318162813612,0.00826953031071475,-0.010234582225546277,0.0009139811661724639,0.003434974654697664
2024-12-05,-0.0018715258393823342,0.006597405704139395,0.0,0.0003153593821823031,-0.010302322170881693
2024-12-06,0.0024923453675383123,0.005277232005955579,-0.0069619308845509835,0.006773005972460674,0.004558239129528256
2024-12-09,-0.006163167285227462,0.0015417027991278453,0.01149709895445363,-0.001903646640996115,0.00991798633808684
2024-12-10,-0.002968284314279252,-0.006786590854779882,0.005225739351978669,-0.0009714799294297815,0.012196028210303023
2024-12-11,0.008132626411368235,0.001535626156506263,0.011775857532197754,-0.0021088709645177175,0.013330075570755336
2024-12-12,-0.005428731461463251,0.0012452923101465435,0.01233290200487131,-0.0024826807922637144,-0.017081207143532985
2024-12-13,-2.646698937187397e-05,0.00048732371916185383,0.017196408093927036,-0.0031261282522741423,-0.011790161839593786
2024-12-16,0.0037921550087844295,-0.004219966403067453,-0.0004548276289855054,0.0034308317144111627,-0.0017334660635325901
2024-12-17,-0.0038714794806554956,-0.0008998752009506879,-0.0027327748725539894,0.0006939144774902469,-0.00264360600282425
2024-12-18,-0.02993650530451818,0.002969682003043884,0.024553486405185336,-0.0021222625439105583,-0.0029918795594432402
2024-12-19,-0.0008654867505367934,-0.015916879048123632,0.016770078042904965,-0.013892921674058333,-0.01694536281780769
2024-12-20,0.010810479402397299,-0.0034328613144289344,-0.010116647113515734,0.0014189884036627928,0.01398249166131256
2024-12-23,0.007260849585616372,-0.0019247370461333642,0.016442288225751365,0.006551310157174737,-0.006258330803749558
2024-12-24,0.010982233165126825,0.0,-0.001741000864866138,-0.002615307224549931,0.00294323974486273
2024-12-25,0.0,0.0,0.0,-0.000312110508902009,0.0
2024-12-26,-0.0004057410882578191,0.0,-0.0026172498742734747,-0.0002911159457427181,0.007149969097485895
2024-12-27,-0.01111730496491221,0.009423901167157068,0.008697589522016217,0.0022696037204858978,-0.008219261513672152
2024-12-30,-0.010759673941729728,-0.006060545540578606,-0.016150477948100782,0.0005943154668251187,-0.004250136932791706
2024-12-31,-0.0042940064589823065,0.0,0.006141690249990123,-0.002229418304886993,0.008824710411780469
2025-01-02,-0.002226363149448992,0.0,0.0004372223710244873,-0.005230906422146218,0.011232867866452192
2025-01-03,0.01251735670782609,0.0004456360450439388,0.004579745279896696,-0.008113997132924225,-0.005241401391997348
2025-01-06,0.005522766496818171,0.023370689542587697,0.004775315224000739,0.003610662579582716,-0.0024984295005021796
2025-01-07,-0.011166021516637011,0.0050367238213568834,0.013977231396137699,0.007831709997193285,0.006912096917743294
2025-01-08,0.0015591440938312422,-0.0030834084786220814,0.0021330537358111323,-0.003939010992033952,0.0029316900271960217
2025-01-09,0.0,0.004297864459324194,0.0,-0.0029853923848209975,0.007217296123672955
2025-01-10,-0.015531637650233373,-0.008134051761224996,0.017531378209984547,-0.0016592591806951788,0.009161257237443541
2025-01-13,0.0015742043780551176,-0.004641779456264133,0.005637336240427666,-0.00517668789558367,-0.013006500709167285
2025-01-14,0.001145623334164268,0.005286594958649688,-0.0031279071191643065,0.002030483986235354,0.001495047933117684
2025-01-15,0.018147132504516373,0.010354827636896834,-0.028600663376140915,0.004042511093745486,0.012987195526811112
2025-01-16,-0.0021149243408667613,0.01471934044713516,-0.01015235682408776,-0.0011228832625102638,0.012420208736854522
2025-01-17,0.009941478308394033,0.008068049842349127,0.0006511686284857446,0.0006487944949136819,-0.000764876477197021
2025-01-20,0.0,0.003130138119303685,0.0,-0.002387160083696559,0.0
2025-01-21,0.00873000944059605,0.0002942808713291311,-0.00762288868543859,0.013846491055078888,0.003891391478642485
2025-01-22,0.006119181086994129,0.007688222269556835,0.005450813834296669,-0.0014162053621806219,0.004563111323176753
2025-01-23,0.005299419459529372,0.0022391935520801997,0.008444357719789776,0.00040591449116566636,-0.0016272807543716752
2025-01-24,-0.002859215984467759,0.0003583674389957823,-0.002590693159356375,0.0005623270136917337,0.005125977145751084
2025-01-27,-0.014688059032112328,-0.005941688444284333,-0.021412234199556054,0.004938921534779492,-0.014434155176814617
2025-01-28,0.009175644177716802,0.0013982386054417865,0.005066701077148563,-0.002153932561904579,0.010646340249542608
2025-01-29,-0.004689876056919602,0.006704217446164145,0.0008784780065205803,-0.0015342817485930794,0.000830957531606674
2025-01-30,0.005261548152180238,0.009807068341533767,-0.009484960229770715,-0.0003649282085413558,0.019277756347583747
2025-01-31,-0.005059603990267195,0.0008818471461190131,0.012553778855921708,-0.0026861791364861222,-0.0037263817408137866
2025-02-03,-0.007637690729495203,-0.013129441980196294,-0.00570667617260905,-0.01448189426502745,0.007580052840268373
2025-02-04,0.007198907403029114,0.008906271606742358,-0.006625512098431146,0.007736208334642574,0.006822415916365941
2025-02-05,0.003901053915613614,0.0012396457947266475,-0.020370056473355526,0.004388368698745603,0.006393163440626415
2025-02-06,0.003637674355266266,0.016092138203434084,0.004062322424309617,0.0027005333349387236,-0.005447355250461389
2025-02-07,-0.0095098456936602,-0.005847216320508021,0.010529935111722627,-0.0014550635639053737,0.00394879297438717
2025-02-10,0.006690112295455172,0.006158916338562001,0.001336312436926021,-0.0071612243912707796,0.016258833046568513
2025-02-11,0.00033952514367385523,0.006067506677383747,0.009745403319025665,-0.0009790906251212763,-0.0006178516064746903
2025-02-12,-0.0027275831896475754,0.002730453991139357,0.02180158330865377,0.006137893242324767,-0.0012024393787544148
2025-02-13,0.010372313214235747,0.017394312382880497,-0.02445002528038726,0.0026050744738818675,0.005792712774394366
2025-02-14,-7.19463955744955e-05,-0.001291643312461412,-0.011781835078185575,0.0066834911027321,-0.014562544873085503
2025-02-17,0.0,0.004799722981937705,0.0,0.002629322305061365,0.0
2025-02-18,0.002442003655551809,0.0025348636653170897,0.015971951010049973,-0.0003670411630294712,0.01650883496677148
2025-02-19,0.0023741488668242434,-0.013218902322494345,-0.0019826642390532493,-0.0035378371130214345,-0.004170300117599673
2025-02-20,-0.004343604884290259,-2.5660896617284536e-05,-0.0077476531441018955,-0.002619032156404236,0.0070314990870447855
2025-02-21,-0.017211396672539132,0.002527518591190262,-0.017937683425593903,0.0076049269657811865,-0.0008166266630073181
2025-02-24,-0.004981493566252351,-0.003859659824429871,-0.006127319701219779,-0.0024541613434621305,0.003500064634192458
2025-02-25,-0.004690715138395557,-0.001075040686296061,-0.021862628268555572,-0.001287627798320897,-0.01483176087132524
2025-02-26,0.00013601502958346571,0.014594124495598474,-0.011466087190276099,0.005980862832362414,0.0042258832321174136
2025-02-27,-0.015991742678524653,-0.01007779491703238,0.008436838249337735,-0.0033620277203350937,-0.011586370186078948
2025-02-28,0.015729780420663385,-0.001649586506358745,-0.01268215732452755,-0.008969571024957386,-0.016224097946286358
2025-03-03,-0.017753402648308866,0.01402209269922569,-0.012127153646089753,0.0018000872765831179,0.01864901343751476
2025-03-04,-0.012310288231505477,-0.028072832302047417,0.007151451285979509,0.006812887153838506,0.00668996126638687
2025-03-05,0.011097472528735688,0.018721773720578764,0.012979492883646391,0.013448043458163524,0.001957098953760298
2025-03-06,-0.017979677107455568,0.005695067926107583,0.00491169490024397,0.01568010434631488,0.0004458405723709752
2025-03-07,0.005505435045454467,-0.009475114173874092,0.00720685171027665,-0.000647444013491739,-0.004088489842890409
2025-03-10,-0.027343541788428148,-0.015002998911376955,-0.024385755809173373,0.00671099553549719,-0.004727634903135915
2025-03-11,-0.007596646918536578,-0.014411943130872405,0.017645508237582003,-0.001952945686590632,0.007546651957820141
2025-03-12,0.004874967940490777,0.009282761401890173,0.00697184631019812,0.006874012208263975,0.008954330271122598
2025-03-13,-0.013988366806464148,-0.005806591279361785,-0.010242098819579704,-0.002561529979828587,0.015261784579635519
2025-03-14,0.02104290595319694,0.014123606314411227,0.007923583491923156,-0.0028155966319873735,0.003412042879592822
2025-03-17,0.0063956349746060355,0.007625964787927616,-0.00046432667820784176,0.002358530074516342,0.0018350159457296321
2025-03-18,-0.010710667074319702,0.007220148631176731,-0.005822793740685701,0.0034771243239103676,0.011632116405335577
2025-03-19,0.010740608172953766,0.004066480515064513,-0.005856897342794041,0.0018579471337151732,0.00026348367390129166
2025-03-20,-0.002187283513782985,-0.010299086097356407,-0.005418847221361113,-0.002523804174013747,0.001349626670783865
2025-03-21,0.0008243136078323211,-0.0049840461991449946,0.004478511710465815,-0.005072068371072948,-0.007196904393713174
2025-03-24,0.01749211712863917,-0.0014834543000607665,0.018409001493854427,-0.0019306529647782715,-0.0016911295043418105
2025-03-25,0.0015730954906538206,0.010888133669161805,-0.00555678461046746,-0.0029753684650426575,0.0035117493782604987
2025-03-26,-0.011219640357598032,-0.01164548401469435,0.007171727803148302,-0.0014897398063046796,-0.0009264629905246514
2025-03-27,-0.0033124610071321114,-0.005672305682163225,0.007120769290490365,-0.004219871121378601,0.012925489441903849
2025-03-28,-0.019934601126853548,-0.009275262504821554,-0.026439351443918235,0.005471904928493531,0.008557505502098309
2025-03-31,0.005523240357645722,-0.015692460580794203,-0.0021174696625552098,0.002119260589161071,0.01169228804819296
2025-04-01,0.0037741045552120668,0.013608267075596078,-0.021424212977858396,-0.00046531882945168224,-0.0012497066576345498
2025-04-02,0.006705661429484109,-0.003077793214842387,0.009578607890798327,-0.0021182604350527302,0.006710576935193882
2025-04-03,-0.04960591182899663,-0.036610827863367584,-0.034181068937241356,0.010385541263550277,-0.013757020186500003
2025-04-04,-0.061609061898230934,-0.047042174531014426,-0.017413359316697026,0.012304011200254634,-0.02782959105341858
2025-04-07,-0.0023341946059635883,-0.046554061893695244,0.0417751928853847,-0.005374859221748646,-0.02035854214521939
2025-04-08,-0.015825083277054855,0.02486639246134675,0.02542607456469385,-0.006318140368247303,0.0057772864227977104
2025-04-09,0.09089487983303646,-0.03225336009836106,0.03186600923113645,0.00594474617600662,0.02924741627141751
2025-04-10,-0.03522060702411168,0.04169198946335992,-0.0013645764819660148,-0.0025880638328910897,0.03178139946409088
2025-04-11,0.01793038083577807,-0.006597868384008523,0.022280650763607208,0.02753679368654884,0.0210124709703548
2025-04-14,0.007913319326342991,0.025605073332792827,-0.02913160474872198,0.007548715960574773,-0.00541463975573675
2025-04-15,-0.001729275225300909,0.01194936554357443,-0.009439437035083712,-0.0003062899835378224,0.004327834993182707
2025-04-16,-0.022663253964902527,-0.0007910241727894546,-0.010230303127915794,-0.004152990399168905,0.03297325457193712
2025-04-17,0.0013259586237727749,-0.006293832177080967,0.012540893047579254,0.009177768277881679,-0.005395442489893157
2025-04-21,-0.02384964833401801,0.0,0.016480122001602752,0.0,0.029041937846947277
2025-04-22,0.02480695212545062,0.005276541593697575,-0.0036389102180285782,0.01012583360643525,-0.0015865736672474797
2025-04-23,0.016523864366879457,0.02729542026003966,-0.00045575548562090207,-0.014129519405897227,-0.03729596062718759
2025-04-24,0.020056628082583162,0.003179989159148354,-0.018868543309274552,-0.0021091061414329868,0.016857972511505684
2025-04-25,0.0073460847957005125,0.007622932073795832,-0.009100526242958483,0.003927005358487813,-0.01499789191023496
2025-04-28,0.0006405015390019333,0.003171089338575488,-0.011789741521688244,-0.0025327013127678976,0.015147940676365497
2025-04-29,0.005785641545556399,-0.0016627970676410713,-0.010251662453847834,0.005801755768966738,-0.004119486550149282
2025-04-30,0.0014788972519335208,-0.0003254539756864472,0.0009581286878733144,-0.0017440288024672278,-0.004166813216927875
2025-05-01,0.006279345716451974,0.0,0.012845062641251107,-0.005667270687163898,-0.02916553616172506
2025-05-02,0.014619191109112719,0.0239293025156233,0.021279905147617566,-0.0025109355398079715,0.006799232227835648
2025-05-05,-0.006402047029318447,-0.0004050129064863208,0.0048470743575874525,0.002363767033181694,0.024270706904035648
2025-05-06,-0.007722985278391797,-0.0037301618206886686,-0.00809155896019806,-0.0008714538758396441,0.029781859324395553
2025-05-07,0.004336938106710132,-0.006325788580710229,-0.007689654963551328,0.002594115160183952,-0.008832939557882192
2025-05-08,0.005783021147465641,0.011170241555602981,0.022665180882412775,-0.0032274857133955054,-0.025398132101867026
2025-05-09,-0.0007117341348763632,0.003925077335720671,0.0004572142302705965,-0.007277214631164086,0.011700918988177024
2025-05-12,0.03203997667702081,0.01544019762857639,0.01856932451327792,0.00048270107969245125,-0.03521122337030222
2025-05-13,0.007222059020245977,0.004413190043329303,0.009379321646259136,-0.012010660324811111,0.006284573623097743
2025-05-14,0.001023891242276054,-0.002360524707571344,0.006425147972775525,0.008076757706772764,-0.018344612393290653
2025-05-15,0.004123817438757677,0.001597729659073049,-0.01625327014458243,-0.00032425159137525964,0.012277391287757004
2025-05-16,0.006980849368100189,0.0028506039770927454,-0.0031474709232328637,0.0009621084651180851,-0.012088782158285714
2025-05-19,0.0008757295660482738,-5.523930405637671e-05,0.007626757541585655,-0.00045882807253922446,0.014631561796196542
2025-05-20,-0.0038877770695725784,0.005039566729788221,0.001339893470076676,0.00409175580635506,0.015793404801633753
2025-05-21,-0.016266719267758897,-3.4822530646287124e-05,0.025340178430962722,0.004842086185194891,0.008801804902702907
2025-05-22,-0.0004449700224211693,-0.005511576775531652,-0.009400051828952977,0.003822646550956042,-0.005150277910234424
2025-05-23,-0.006730899591473139,-0.018263336966610765,-0.009710989965649999,-0.004364242923425007,0.021425434503964738
2025-05-26,0.0,0.012875077336830503,0.0,0.008030940913750891,0.0
2025-05-27,0.02025258080218437,0.003722236491543028,-0.016773245886662538,0.0013771138296125233,-0.019362124406121534
2025-05-28,-0.005586802576444734,-0.0068669172570330885,0.009651117451454146,-0.004522343467707766,-0.0016685124798728683
2025-05-29,0.0040031708706317415,0.0,-0.011909016154163031,-0.009163703876655521,0.007109715550713264
2025-05-30,-8.118845699520562e-05,-0.00219642991131041,-0.0018099320091590114,0.012798111458263317,-0.008537804000789136
2025-06-02,0.004093651490626028,-0.0020573838544147606,0.010362788148736526,-0.0022049726468498553,0.02453766635895122
2025-06-03,0.005783533535368979,0.003753549888577556,-0.00044829748719745063,0.008780564361130163,-0.006070768059979941
2025-06-04,7.368474471916267e-05,0.005463350295416195,-0.021530637729242692,-0.006040683214396936,0.006930750112583484
2025-06-05,-0.005291357978698112,0.000998530458257775,0.006621849260802557,0.0032955128033733162,-0.006781516425104247
2025-06-06,0.010228196215376713,0.003619711440713067,0.026057218147773065,0.002779412678818525,-0.008391573926159246
2025-06-09,0.0009195251863913659,0.0,-0.006227856972497356,-0.004023623614523357,0.0028250744326858415
2025-06-10,0.005468012541646841,-0.002727394829593077,-0.0017864893398243154,0.0017697730981871202,-0.003366964044300687
2025-06-11,-0.002747660318287345,-0.004113420096035499,-0.013954715923787345,0.0008232114164616173,0.000120486130438958
2025-06-12,0.0038151330716763875,-0.006012696027257285,-0.012544423785613648,0.006264395784009404,0.01778563010253441
2025-06-13,-0.01136066859010289,-0.013209786252279379,0.015260497690009481,0.007868715947294892,0.014768122634469274
2025-06-16,0.0093488231481891,0.009237963050745061,0.006309249184031449,-0.003763006263429779,-0.010194021599707037
2025-06-17,-0.008387259723643134,-0.009576371904667784,-0.013341071467296364,-0.00046212368991682803,-0.0028895213050230267
2025-06-18,-0.00030928803472058796,-0.004124838064615559,0.0009100592437803983,-0.005965765260147934,0.0009444399210661637
2025-06-19,0.0,-0.013356615264484716,0.0,-0.00044775907821049477,0.0
2025-06-20,-0.002181035215587759,0.007008304029975503,-0.005015933083663048,0.003069228728114232,-0.0064221208610746846
2025-06-23,0.009560655071259439,-0.0022342696197561033,-0.012651077817129718,-0.0010355737465834497,0.0028461738938607515
2025-06-24,0.011060328616958607,0.01429250267658832,-0.006269601212070599,0.008500688032483909,-0.018013675886811464
2025-06-25,-3.286108349665331e-06,-0.008542988468304523,0.0,0.00113727887091598,0.0029197688926843124
2025-06-26,0.007988131032516797,-0.0015205701098412834,-0.009361275634615524,0.006138461676132699,0.0019217200310753606
2025-06-27,0.005205399256150098,0.015442672099058289,0.007029131706151945,0.000724660809128604,-0.018101974273062114
2025-06-30,0.005151137506128882,-0.004214919111680228,-0.012451699284628637,0.0030093924011487484,0.006303198845365553
2025-07-01,-0.0011191571098791433,-0.003931746331662168,0.004952234759438878,0.005079122744651506,0.012758252337171075
2025-07-02,0.0047338743064907745,0.006846460899093458,0.009831608453653298,0.0015571728454564678,0.003380872641776682
2025-07-03,0.00830437821066394,0.004582635125833163,0.012730139884074197,-0.00044854130647288505,-0.004910454236063616
2025-07-04,0.0,-0.010222069517983325,0.0,-0.0024396416038004946,0.0002700746795615175
2025-07-07,-0.007893368104244017,0.009920729319575862,0.010751546132873895,0.0007889830282926394,-9.004121131513318e-05
2025-07-08,-0.0007161432504695748,0.00567699923312343,0.004540298618286866,-0.0037627227491737413,-0.007591297859755788
2025-07-09,0.00604380277677969,0.013626099446217418,-0.01667275220239696,-0.0010205990022104786,0.0013900517720019155
2025-07-10,0.0027424410729257912,-0.0013561077252418918,0.0009208533862218502,0.0005630181784850364,0.0017498283805606845
2025-07-11,-0.0033029717732258423,-0.010125997592539362,0.017562240375425173,-0.0024255019929678916,0.011568474452741711
2025-07-14,0.0014064243309367943,-0.0023488006276905283,0.0009039971154098151,-0.0017655424559011193,-0.0013417817890844313
2025-07-15,-0.003964145065672561,-0.003110518991986969,0.013907760868224027,-0.0013541264909105511,-0.006495750023279325
2025-07-16,0.0031885685253844154,-0.010533111846529311,-0.007602881161188376,-0.005062042569506026,0.006794079381100563
2025-07-17,0.005359380240011013,0.01481590575644471,0.0017941016771217174,0.0024404861817701115,-0.0037055602760010316
2025-07-18,-9.049030280841674e-05,-0.0033381714714483517,-0.00697015987933801,-0.0017437986838320166,0.003854691586396078
2025-07-21,0.001398157005673256,-0.003036758304555872,-0.01363036554664138,0.0013133100172193406,0.01447860287732854
2025-07-22,0.0006373284966667569,-0.009874570795572418,-0.00826836382906522,0.005469826150893581,0.010904801640990577
2025-07-23,0.007781532145702873,0.01011224127511663,0.011921288801641637,0.0038079958892339527,-0.013200213092493647
2025-07-24,0.0006979799969332514,0.0020468713692317598,0.004547525098780466,0.0029862395798766583,-0.006829222657993172
2025-07-25,0.003966451001680552,-0.000567841007376393,-0.005003384464606392,-0.0015412344485053924,-0.011036651923321424
2025-07-28,0.00017684247126657597,-0.002727865569507789,0.007722027695479617,5.870991801312067e-05,-0.0074965057238816635
2025-07-29,-0.002963830197466829,0.0077673191713958836,-0.020572188956130673,-0.013708151840823465,0.0043120472958143976
2025-07-30,-0.0012502139385094711,0.002595524449649342,0.010567524162230993,-0.003958249450338669,-0.008339380490785232
2025-07-31,-0.003701662046374567,-0.013676974029514963,-0.003662960573268153,-0.010582197162933812,-0.0007892237945701002
2025-08-01,-0.0161213871855698,0.0,-0.03263700965321147,-0.0004913783030475,0.01641380667687466
2025-08-04,0.014629564491414495,-0.014694136051787808,-0.004750598454041881,0.01416251795155252,0.007943973509988255
2025-08-05,-0.004869703780462017,0.0013858336422723895,-0.0009527657049041773,-0.00022019763958905744,0.0022201510582657955
2025-08-06,0.007255522219852605,0.0026063653767242913,0.005703364158945963,-0.0004284953923053027,-0.0005619433653809127
2025-08-07,-0.0007977981718278668,0.012983183617223774,0.005671132534143286,0.007228292232798949,0.005987967888747476
2025-08-08,0.0077694548163894745,0.002934588034085466,0.009614305575522283,0.0011553279826671148,0.01134616025997749
2025-08-11,-0.0025072683938851073,-0.0029757973762674556,-0.0028044151282392783,-0.0024606864217707708,-0.025324517441945554
2025-08-12,0.011281559075170764,0.0007724384685280211,0.004669739468650263,-0.0025361138582426015,-0.0012534156557426127
2025-08-13,0.0032248733840464015,0.009749930205876434,-0.012894400736851585,0.005031817232867205,0.002922075262479989
2025-08-14,0.00030304487855445177,0.008583700317889844,0.012894400736851682,0.003064079840358307,-0.007021346864233285
2025-08-15,-0.0029013399163647113,0.0025561479857784852,0.008119716628994784,-0.005268555868744071,0.0002398515522892742
2025-08-18,-0.00010076825773579619,-0.0025671989956680395,0.002999197362044547,0.004730015176767789,-0.0012898149154139478
2025-08-19,-0.005875329112207127,0.008910116684800722,-0.009024713285160984,-0.003272595167235942,-0.005507846531911064
2025-08-20,-0.002434630632264957,-0.0020007968499237898,-0.0013956833917273905,-0.002214521376242774,0.009013401028552843
2025-08-21,-0.004012219728951123,-0.0018582814931335772,0.007883166300020998,0.0007919897481926959,-0.0019460210593331287
2025-08-22,0.015072285158779139,0.004761451080109842,-0.016298310385141457,-0.003326823261899247,0.011175298783647576
2025-08-25,-0.004275512539646319,-0.008099065559371212,0.0035149106874862814,0.008279447377107845,-0.00017778178523024962
2025-08-26,0.00412547371011636,-0.011134542185473894,-0.003984582414622119,-0.007814853701171973,0.004377165544111227
2025-08-27,0.0023881304533030262,0.0017425756027609348,-0.004708102238746644,0.0018025532981323705,0.0047106015210283785
2025-08-28,0.003151747441466755,0.0006784475072104109,-0.007341688026643499,0.0007335605601103757,0.007957432015570034
2025-08-29,-0.006418740402792551,-0.00837334149941743,0.0047428255202722185,0.0028811150967894125,0.012135375150160638
2025-09-01,0.0,0.002864144073049151,0.0,0.0008765237913422871,0.0
2025-09-02,-0.006946350061030363,-0.014269182262655519,0.0117592401127926,0.0020599100288224465,0.02155825335719171
2025-09-03,0.005087112302941308,0.0063997142302528775,-0.01555167662315448,-0.0068420207751402635,0.012264609179004047
2025-09-04,0.008311847102873571,0.004066865655680505,-0.008346262128539771,0.0020966619985556645,-0.007654710471889562
2025-09-05,-0.00317017266993674,-0.005355931016939495,-0.021787390905239352,-0.00030316941098476743,0.013205346467745164
2025-09-08,0.0021037644508885675,0.008362622214282439,-0.009837748304627927,0.004814272494273139,0.00686780141163577
2025-09-09,0.0026845470300734414,0.0011200099740408746,0.006896549089322032,0.004766795744852672,0.0014282835584511465
2025-09-10,0.0029790282293981275,-0.001369881055886652,-0.01036274192484717,-0.005656694013072186,8.235294082891736e-05
2025-09-11,0.008450087623093565,0.00470771974977071,-0.0052219210715302705,5.85702811199617e-05,-0.001840587103648067
2025-09-12,-0.00048287788142832935,0.0007311433821088399,0.01238859098495583,0.002671941133232542,0.0034311001737597525
2025-09-15,0.004695577726559718,0.009175475209212481,-0.006670797092630745,-0.0007038362821511885,0.008947642619622902
2025-09-16,-0.0012887604333313247,-0.01259457509666097,-0.0019850867709627494,0.0031711723364202106,0.0018178977764950366
2025-09-17,-0.0009706390782443865,-0.0004859171181024818,0.012342834867756758,0.009111157584802068,-0.0019265078645296421
2025-09-18,0.004777687836708263,0.016066621859455215,0.006845962406190113,-0.0038034942077854283,-0.01040214079746196
2025-09-19,0.004873523937481177,0.0003206570060432522,0.008492067843602631,-0.002987527682998781,0.007600662414640123
2025-09-22,0.004400350714762291,-0.0030035640490582182,0.0009659954600113968,-0.00459975736938313,0.018672448725779663
2025-09-23,-0.005517351828739721,0.00555968246578,-0.005567057895740554,0.0054490527700660745,0.010610006389506373
2025-09-24,-0.0028506771652953692,-0.0014318579353384414,0.006532006125358178,0.001133560099404778,-0.01291164894810577
2025-09-25,-0.005021648742526333,-0.0036060374881727196,0.006010378970229452,-0.005925077887075215,0.001285260502940439
2025-09-26,0.005884489130413512,0.010016001539312267,0.00358891806959754,-0.006998753739016789,0.010223498096000606
2025-09-29,0.002632077259912619,0.0012992087728043564,-0.011047183931174142,0.003891255553779332,0.012006108728818521
2025-09-30,0.004082503613507919,0.004187785588905822,0.0016889785306190286,0.0019806111702517447,0.005194719543134664
2025-10-01,0.0033941541712235066,0.009225016593523478,-0.010176927759162221,0.00037549924772429627,0.006927612517481628
2025-10-02,0.0006181636213842448,0.011508095735456667,-0.004393496546398997,-0.00015258036072495198,-0.0072140776340165556
2025-10-03,6.55106568658717e-05,0.00104445982302295,0.007554596223018123,-0.0007623361800018725,0.010647104699776156
2025-10-06,0.003639959282762629,-0.0040760463147402805,0.010385365782874625,-0.0010781815879537045,0.017294429424654912
2025-10-07,-0.003818687706853079,-0.0026862924072184563,-0.008445055403453711,-0.00018739398387827448,0.007091447444070091
2025-10-08,0.005810748494187323,0.006411944347565262,0.00048457652801307095,-0.004766464102914459,0.016633994907520277
2025-10-09,-0.0027593739802789824,-0.00428724384249862,0.004590941175109241,-0.001944386427629532,-0.024282758867578195
2025-10-10,-0.027485975439899807,-0.016894055824347196,-0.023662439936880084,-0.005648764894055418,0.007472669571045818
2025-10-13,0.015478263036934031,0.0066435822082012526,0.0,0.00310463988763602,0.03283124863445809
2025-10-14,-0.00156555149694257,-0.0029028417410053705,-0.00718454284548851,-0.003069907661501375,0.007299414410765657
2025-10-15,0.004017918503427979,0.009497176794040801,0.005949489121611284,0.003058297376041747,0.009187545165353398
2025-10-16,-0.006314280275141975,0.00834682209514198,-0.017452433144586315,0.003789498902146494,0.02443046188439831
2025-10-17,0.0052568739445263,-0.007925797621600507,0.007766517494141847,0.004564146105032233,-0.02132293911227755
2025-10-20,0.010615724136144117,0.013029587650302535,-0.005254586934955849,-0.003608682608285511,0.03436764429162454
2025-10-21,3.269591641698797e-05,0.0010380062108475542,-0.005786907974725914,-0.0011185328701258219,-0.059062035540049886
2025-10-22,-0.005351834774743029,-0.008409011027736236,-0.0025265274434731356,-0.0037888849174725417,-0.01064926865576389
2025-10-23,0.0058104798620133855,0.005150577661071981,0.009567008610699286,0.0006962863606300936,0.019854040473195667
2025-10-24,0.007871361975244856,0.0010878982477959492,0.0015022641845553403,0.0008245819701882889,-0.0017225098547725875
2025-10-27,0.012215141327379352,0.00642220216915261,0.0,0.0011740581594156239,-0.028695490766858036
2025-10-28,0.0022853305022299255,-0.0011755971302714976,-0.003508760224214035,0.001722954597345136,-0.008960778782097539
2025-10-29,-4.3579204733175357e-05,0.00025590542559867925,0.018654948768800778,0.0005245090468156377,0.004402578266743398
2025-10-30,-0.009954191424534511,-0.0011626285376941331,0.008587918641550098,-0.004687056236158633,0.004408297096619672
2025-10-31,0.0026145009178832708,-0.006538077480604252,0.0019526238155117633,-0.00266525736380437,-0.0047849023856938715
2025-11-03,0.0017192339969181521,0.003034923555955008,0.0012185001082912717,-0.003846199871322598,0.0045349523774452045
2025-11-04,-0.011806250392326715,-0.0033599199750573463,-0.004148809165378814,-0.000772136025743686,-0.013236252040332198
2025-11-05,0.0036468976756877185,0.0015763843559332305,0.016493179446055675,-0.0029215895313422433,0.008224087134207535
2025-11-06,-0.011241134514722728,-0.010274578717649517,-0.015515494204479978,0.0009768165584818885,-0.0001005367923334668
2025-11-07,0.0012610463474931072,-0.007989226465035415,0.0,0.004551545936366607,0.004887656635851291
2025-11-10,0.015283626703501816,0.01743971992749801,0.004144879327221752,-0.0004619064573929637,0.027716515886168476
2025-11-11,0.0020731999523923177,0.010753285932870418,0.002430074591113635,0.0011550883736828707,-0.0012167524528548244
2025-11-12,0.0006293191259445972,0.01070275280457648,-0.013439378508365303,0.002615376763782096,0.02348748385555354
2025-11-13,-0.01669545163092778,-0.007722437863294824,0.01149576829362013,0.00040556416479594736,-0.004170992761122764
2025-11-14,-0.0005018514712717733,-0.00857256368729716,0.00871670797937494,0.003425554234844353,-0.024002555332014903
2025-11-17,-0.009204497894305158,-0.009321890171680433,-0.0036227227401444116,-0.0014297542332625918,-0.0047327908648018505
2025-11-18,-0.008290709844169318,-0.01901154402906653,-0.0024224217257357928,-0.0021349466482306996,-0.0017221023533426794
2025-11-19,0.00374680773726533,0.001325269298888096,0.0024224217257357984,-0.0008109940862881721,0.004029960569867122
2025-11-20,-0.01568972611631523,0.005016243980844941,-0.00655420501901777,-0.003502886982433731,-0.0052125591455094164
2025-11-21,0.009775103041592069,-0.009892733782126972,-0.010527638823389052,-0.0005307664626685978,0.004967292782076356
2025-11-24,0.015348818899081837,0.0024593227773628355,-0.006172120424355279,-0.0023387457189911476,0.0037215603622990662
2025-11-25,0.009020886000832944,0.008149544419857165,-0.008955346402208367,0.001082257967005073,0.01149319363831883
2025-11-26,0.006882969436149685,0.014545871657284461,-0.0009999872385287646,0.003878233380834474,0.006261760929431564
2025-11-27,0.0,-0.00042624627593517475,0.0,0.0032202570718964044,0.0
2025-11-28,0.005340487341137372,0.0026498645892177007,0.004741192056839294,-0.00019719223599180802,0.012667816416397979
2025-12-01,-0.005337548746055966,-0.00012172948406947252,0.01947553047631846,0.00013913811257868804,0.004965958221290471
2025-12-02,0.002454221195936617,0.0032923259831567618,-0.0024444472416434273,0.0005338681523857639,-0.01250914319860585
2025-12-03,0.0029753605210852863,0.0014744464112859416,-0.007122664277137536,0.0017426145067616567,0.0030288262173034956
2025-12-04,0.001079738711974404,0.0041217549222056435,0.012492420063127655,0.003342812053854932,0.0029722651693542806
2025-12-05,0.0019347688846794776,0.00102256474801019,0.0075179542412385815,-0.002062849287251466,0.00026116008896670296
2025-12-08,-0.0034833153316476935,0.000289910490141636,0.007941322659858599,-0.00022118438593955202,-0.006118924040939417
2025-12-09,-0.0008767431610132386,-0.0012705483912711498,0.003350072359543943,0.00010465908031026407,0.0046462393338665645
2025-12-10,0.006726880659139976,-0.0017852821688335045,-0.005269434041899068,-0.0011284787545329754,-0.002451547168984526
2025-12-11,0.00207719198371703,0.00799856358159704,-0.005538904179221524,0.00625216328712096,0.021010239753042382
2025-12-12,-0.010720913458554537,-0.005795389896013765,0.012717622178004631,0.0032583302689056003,0.003401069596484952
2025-12-15,-0.0015978388918367072,0.005545106331237836,-0.0028652376789240048,-0.00015263535945028118,0.001533693992035725
2025-12-16,-0.00238676400843967,-0.006048646619336847,-0.007922257512143252,0.001444786011798567,-0.0005110078294488002
2025-12-17,-0.01165985661137129,-0.006344186592956327,0.00048189277933674535,-0.0004348603030375916,0.009939980130428714
2025-12-18,0.007902951520479156,0.010511878716119853,-0.008467413980324618,-0.0006107669323483436,-0.0018418331441386099
2025-12-19,0.008779407421828872,0.0032411851341609737,0.008467413980324606,-0.001419763619046865,0.005033950243312225
2025-12-22,0.006415870575561936,-0.002896402975037338,0.00432695999944359,-0.0014997716425493423,0.018896813791643464
2025-12-23,0.004540067046788208,0.000972741480011301,0.0,0.004929457555550721,0.008557909489307347
2025-12-24,0.003216304344700708,0.0,-0.007947059563175375,0.0025094133829199968,-0.0004908198003828014
2025-12-26,-0.00030440987710828846,0.0,0.0,-0.0008608228780450154,0.010766277995574931
2025-12-29,-0.003498162923937312,0.000422602901327284,-0.0048473144165930284,-0.0010718568594030558,-0.04608798173882948
2025-12-30,-0.0013766142506534472,0.007708822906011836,0.0033955740781329543,1.18472044775698e-05,0.010350630404542907
